{
  "collection": "archivedreservations",
  "count": 15,
  "timestamp": "2025-10-10T09:31:36.621Z",
  "data": [
    {
      "_id": "68cfa8117d1bd66040e285dd",
      "userId": "686276c831a7906c7c643684",
      "room_Id": "6865360f5d5b53a6503936f0",
      "datetime": "2025-09-21T08:00:00.000Z",
      "endDatetime": "2025-09-21T09:00:00.000Z",
      "date": "2025-09-21",
      "numUsers": 4,
      "purpose": "testing",
      "location": "Ground Floor",
      "roomName": "Collaboration Room",
      "participants": [
        {
          "name": "Stephen P. Madero Jr.",
          "course": "Bachelor of Science in Information Technology",
          "year_level": "4th Year",
          "department": "CLASE",
          "idNumber": "2022000099",
          "_id": "68cfa8117d1bd66040e285de"
        },
        {
          "name": "Suheila Belle Morales",
          "course": "Bachelor of Science in Information Technology",
          "year_level": "4th Year",
          "department": "CLASE",
          "idNumber": "2022003940",
          "_id": "68cfa8117d1bd66040e285df"
        },
        {
          "name": "Louis Miguel Parreno",
          "course": "Bachelor of Science in Information Technology",
          "year_level": "4th Year",
          "department": "CLASE",
          "idNumber": "2022002517",
          "_id": "68cfa8117d1bd66040e285e0"
        },
        {
          "name": "Patrick Miguel Andrade",
          "course": "Bachelor of Science in Information Technology",
          "year_level": "4th Year",
          "department": "CLASE",
          "idNumber": "2022000615",
          "_id": "68cfa8117d1bd66040e285e1"
        }
      ],
      "status": "Rejected",
      "archived": false,
      "notificationSent": false,
      "lastNotificationType": null,
      "checkedIn": false,
      "extensionRequested": false,
      "extensionHours": null,
      "extensionStatus": null,
      "extendedEndDatetime": null,
      "archivedAt": "2025-09-21T07:36:43.629Z",
      "createdAt": "2025-09-21T07:24:01.985Z",
      "updatedAt": "2025-09-21T07:24:01.985Z",
      "__v": 0
    },
    {
      "_id": "68ceab0add8df68954ed2757",
      "userId": "686276c831a7906c7c643684",
      "room_Id": "6865360f5d5b53a6503936f0",
      "datetime": "2025-09-22T01:00:00.000Z",
      "endDatetime": "2025-09-22T02:00:00.000Z",
      "date": "2025-09-22",
      "numUsers": 4,
      "purpose": "testing",
      "location": "Ground Floor",
      "roomName": "Collaboration Room",
      "participants": [
        {
          "name": "Stephen P. Madero Jr.",
          "course": "Bachelor of Science in Information Technology",
          "year_level": "4th Year",
          "department": "CLASE",
          "idNumber": "2022000099",
          "_id": "68ceab0add8df68954ed2758"
        },
        {
          "name": "Patrick Miguel Andrade",
          "course": "Bachelor of Science in Information Technology",
          "year_level": "4th Year",
          "department": "CLASE",
          "idNumber": "2022000615",
          "_id": "68ceab0add8df68954ed2759"
        },
        {
          "name": "Louis Miguel Parreno",
          "course": "Bachelor of Science in Information Technology",
          "year_level": "4th Year",
          "department": "CLASE",
          "idNumber": "2022002517",
          "_id": "68ceab0add8df68954ed275a"
        },
        {
          "name": "Suheila Belle Morales",
          "course": "Bachelor of Science in Information Technology",
          "year_level": "4th Year",
          "department": "CLASE",
          "idNumber": "2022003940",
          "_id": "68ceab0add8df68954ed275b"
        }
      ],
      "status": "Rejected",
      "archived": false,
      "notificationSent": false,
      "lastNotificationType": null,
      "checkedIn": false,
      "extensionRequested": false,
      "extensionHours": null,
      "extensionStatus": null,
      "extendedEndDatetime": null,
      "archivedAt": "2025-09-21T07:36:47.076Z",
      "createdAt": "2025-09-20T13:24:26.287Z",
      "updatedAt": "2025-09-20T13:24:26.287Z",
      "__v": 0
    },
    {
      "_id": "68cea8b2c2edff47ed9fb887",
      "userId": "686276c831a7906c7c643684",
      "room_Id": "6865360f5d5b53a6503936f0",
      "datetime": "2025-09-22T01:30:00.000Z",
      "endDatetime": "2025-09-22T02:30:00.000Z",
      "date": "2025-09-22",
      "numUsers": 4,
      "purpose": "testing",
      "location": "Ground Floor",
      "roomName": "Collaboration Room",
      "participants": [
        {
          "name": "Stephen P. Madero Jr.",
          "course": "Bachelor of Science in Information Technology",
          "year_level": "4th Year",
          "department": "CLASE",
          "idNumber": "2022000099",
          "_id": "68cea8b2c2edff47ed9fb888"
        },
        {
          "name": "Suheila Belle Morales",
          "course": "Bachelor of Science in Information Technology",
          "year_level": "4th Year",
          "department": "CLASE",
          "idNumber": "2022003940",
          "_id": "68cea8b2c2edff47ed9fb889"
        },
        {
          "name": "Louis Miguel Parreno",
          "course": "Bachelor of Science in Information Technology",
          "year_level": "4th Year",
          "department": "CLASE",
          "idNumber": "2022002517",
          "_id": "68cea8b2c2edff47ed9fb88a"
        },
        {
          "name": "Patrick Miguel Andrade",
          "course": "Bachelor of Science in Information Technology",
          "year_level": "4th Year",
          "department": "CLASE",
          "idNumber": "2022000615",
          "_id": "68cea8b2c2edff47ed9fb88b"
        }
      ],
      "status": "Rejected",
      "archived": false,
      "notificationSent": false,
      "lastNotificationType": null,
      "checkedIn": false,
      "extensionRequested": false,
      "extensionHours": null,
      "extensionStatus": null,
      "extendedEndDatetime": null,
      "archivedAt": "2025-09-21T07:36:50.711Z",
      "createdAt": "2025-09-20T13:14:26.016Z",
      "updatedAt": "2025-09-20T13:14:26.016Z",
      "__v": 0
    },
    {
      "_id": "68cea68e56587e0a60458482",
      "userId": "686276c831a7906c7c643684",
      "room_Id": "6865360f5d5b53a6503936ef",
      "datetime": "2025-09-25T07:00:00.000Z",
      "endDatetime": "2025-09-25T08:00:00.000Z",
      "date": "2025-09-25",
      "numUsers": 4,
      "purpose": "testing",
      "location": "Ground Floor",
      "roomName": "Discussion Room",
      "participants": [
        {
          "name": "Stephen P. Madero Jr.",
          "course": "Bachelor of Science in Information Technology",
          "year_level": "4th Year",
          "department": "CLASE",
          "idNumber": "2022000099",
          "_id": "68cea68e56587e0a60458483"
        },
        {
          "name": "Suheila Belle Morales",
          "course": "Bachelor of Science in Information Technology",
          "year_level": "4th Year",
          "department": "CLASE",
          "idNumber": "2022003940",
          "_id": "68cea68e56587e0a60458484"
        },
        {
          "name": "Louis Miguel Parreno",
          "course": "Bachelor of Science in Information Technology",
          "year_level": "4th Year",
          "department": "CLASE",
          "idNumber": "2022002517",
          "_id": "68cea68e56587e0a60458485"
        },
        {
          "name": "Patrick Miguel Andrade",
          "course": "Bachelor of Science in Information Technology",
          "year_level": "4th Year",
          "department": "CLASE",
          "idNumber": "2022000615",
          "_id": "68cea68e56587e0a60458486"
        }
      ],
      "status": "Rejected",
      "archived": false,
      "notificationSent": false,
      "lastNotificationType": null,
      "checkedIn": false,
      "extensionRequested": false,
      "extensionHours": null,
      "extensionStatus": null,
      "extendedEndDatetime": null,
      "archivedAt": "2025-09-21T07:39:26.389Z",
      "createdAt": "2025-09-20T13:05:18.772Z",
      "updatedAt": "2025-09-20T13:05:18.772Z",
      "__v": 0
    },
    {
      "_id": "68cea586f8eff984fc3c502a",
      "userId": "686276c831a7906c7c643684",
      "room_Id": "6865360f5d5b53a6503936ef",
      "datetime": "2025-09-21T02:30:00.000Z",
      "endDatetime": "2025-09-21T03:30:00.000Z",
      "date": "2025-09-21",
      "numUsers": 4,
      "purpose": "testing",
      "location": "Ground Floor",
      "roomName": "Discussion Room",
      "participants": [
        {
          "name": "Stephen P. Madero Jr.",
          "course": "Bachelor of Science in Information Technology",
          "year_level": "4th Year",
          "department": "CLASE",
          "idNumber": "2022000099",
          "_id": "68cea586f8eff984fc3c502b"
        },
        {
          "name": "Suheila Belle Morales",
          "course": "Bachelor of Science in Information Technology",
          "year_level": "4th Year",
          "department": "CLASE",
          "idNumber": "2022003940",
          "_id": "68cea586f8eff984fc3c502c"
        },
        {
          "name": "Louis Miguel Parreno",
          "course": "Bachelor of Science in Information Technology",
          "year_level": "4th Year",
          "department": "CLASE",
          "idNumber": "2022002517",
          "_id": "68cea586f8eff984fc3c502d"
        },
        {
          "name": "Patrick Miguel Andrade",
          "course": "Bachelor of Science in Information Technology",
          "year_level": "4th Year",
          "department": "CLASE",
          "idNumber": "2022000615",
          "_id": "68cea586f8eff984fc3c502e"
        }
      ],
      "status": "Rejected",
      "archived": false,
      "notificationSent": false,
      "lastNotificationType": null,
      "checkedIn": false,
      "extensionRequested": false,
      "extensionHours": null,
      "extensionStatus": null,
      "extendedEndDatetime": null,
      "archivedAt": "2025-09-21T07:39:29.172Z",
      "createdAt": "2025-09-20T13:00:54.982Z",
      "updatedAt": "2025-09-20T13:00:54.982Z",
      "__v": 0
    },
    {
      "_id": "68c6c83ab5ee52d5f7e92564",
      "userId": "686276c831a7906c7c643684",
      "room_Id": "6865360f5d5b53a6503936f0",
      "datetime": "2025-09-15T00:00:00.000Z",
      "endDatetime": "2025-09-15T01:00:00.000Z",
      "date": "2025-09-15",
      "numUsers": 4,
      "purpose": "testing",
      "location": "Ground Floor",
      "roomName": "Collaboration Room",
      "participants": [
        {
          "name": "Patrick Miguel Andrade",
          "course": "Bachelor of Science in Information Technology",
          "year_level": "3rd Year",
          "department": "CLASE",
          "idNumber": "2022000615",
          "_id": "68c6c83ab5ee52d5f7e92565"
        },
        {
          "name": "Suheila Belle Morales",
          "course": "Bachelor of Science in Information Technology",
          "year_level": "3rd Year",
          "department": "CLASE",
          "idNumber": "2022003940",
          "_id": "68c6c83ab5ee52d5f7e92566"
        },
        {
          "name": "Stephen P. Madero Jr.",
          "course": "Bachelor of Science in Information Technology",
          "year_level": "3rd Year",
          "department": "CLASE",
          "idNumber": "2022000099",
          "_id": "68c6c83ab5ee52d5f7e92567"
        },
        {
          "name": "Louis Miguel Parreno",
          "course": "Bachelor of Science in Information Technology",
          "year_level": "3rd Year",
          "department": "CLASE",
          "idNumber": "2022002517",
          "_id": "68c6c83ab5ee52d5f7e92568"
        }
      ],
      "status": "Expired",
      "archived": false,
      "notificationSent": false,
      "lastNotificationType": null,
      "checkedIn": false,
      "extensionRequested": false,
      "extensionHours": null,
      "extensionStatus": null,
      "extendedEndDatetime": null,
      "archivedAt": "2025-09-21T07:39:31.909Z",
      "createdAt": "2025-09-14T13:50:50.951Z",
      "updatedAt": "2025-09-14T13:50:50.951Z",
      "__v": 0
    },
    {
      "_id": "68a069b657c68029cb83e7dd",
      "userId": "686276c831a7906c7c643684",
      "room_Id": "6865360f5d5b53a6503936f0",
      "datetime": "2025-08-22T01:30:00.000Z",
      "endDatetime": "2025-08-22T02:30:00.000Z",
      "date": "2025-08-22",
      "numUsers": 4,
      "purpose": "testing",
      "location": "Ground Floor",
      "roomName": "Collaboration Room",
      "participants": [
        {
          "name": "Patrick Miguel Andrade",
          "course": "Bachelor of Science in Information Technology",
          "year_level": "3rd Year",
          "department": "CLASE",
          "idNumber": "2022000615",
          "_id": "68a069b657c68029cb83e7de"
        },
        {
          "name": "Stephen P. Madero Jr.",
          "course": "Bachelor of Science in Information Technology",
          "year_level": "3rd Year",
          "department": "CLASE",
          "idNumber": "2022000099",
          "_id": "68a069b657c68029cb83e7df"
        },
        {
          "name": "Louis Miguel Parreno",
          "course": "Bachelor of Science in Information Technology",
          "year_level": "3rd Year",
          "department": "CLASE",
          "idNumber": "2022002517",
          "_id": "68a069b657c68029cb83e7e0"
        },
        {
          "name": "Suheila Belle Morales",
          "course": "Bachelor of Science in Information Technology",
          "year_level": "3rd Year",
          "department": "CLASE",
          "idNumber": "2022003940",
          "_id": "68a069b657c68029cb83e7e1"
        }
      ],
      "status": "Expired",
      "archived": false,
      "notificationSent": false,
      "lastNotificationType": null,
      "checkedIn": false,
      "extensionRequested": false,
      "extensionHours": null,
      "extensionStatus": null,
      "extendedEndDatetime": null,
      "archivedAt": "2025-09-21T07:39:34.531Z",
      "createdAt": "2025-08-16T11:21:26.590Z",
      "updatedAt": "2025-08-16T11:21:26.590Z",
      "__v": 0
    },
    {
      "_id": "68a0681b8ade8b876151a305",
      "userId": "686276c831a7906c7c643684",
      "room_Id": "6865360f5d5b53a6503936f0",
      "datetime": "2025-08-18T01:00:00.000Z",
      "endDatetime": "2025-08-18T02:00:00.000Z",
      "date": "2025-08-18",
      "numUsers": 4,
      "purpose": "testing",
      "location": "Ground Floor",
      "roomName": "Collaboration Room",
      "participants": [
        {
          "name": "Louis Miguel Parreno",
          "course": "Bachelor of Science in Information Technology",
          "year_level": "3rd Year",
          "department": "CLASE",
          "idNumber": "2022002517",
          "_id": "68a0681b8ade8b876151a306"
        },
        {
          "name": "Stephen P. Madero Jr.",
          "course": "Bachelor of Science in Information Technology",
          "year_level": "3rd Year",
          "department": "CLASE",
          "idNumber": "2022000099",
          "_id": "68a0681b8ade8b876151a307"
        },
        {
          "name": "Patrick Miguel Andrade",
          "course": "Bachelor of Science in Information Technology",
          "year_level": "3rd Year",
          "department": "CLASE",
          "idNumber": "2022000615",
          "_id": "68a0681b8ade8b876151a308"
        },
        {
          "name": "Suheila Belle Morales",
          "course": "Bachelor of Science in Information Technology",
          "year_level": "3rd Year",
          "department": "CLASE",
          "idNumber": "2022003940",
          "_id": "68a0681b8ade8b876151a309"
        }
      ],
      "status": "Expired",
      "archived": false,
      "notificationSent": false,
      "lastNotificationType": null,
      "checkedIn": false,
      "extensionRequested": false,
      "extensionHours": null,
      "extensionStatus": null,
      "extendedEndDatetime": null,
      "archivedAt": "2025-09-21T07:39:37.200Z",
      "createdAt": "2025-08-16T11:14:35.831Z",
      "updatedAt": "2025-08-16T11:14:35.831Z",
      "__v": 0
    },
    {
      "_id": "68cbc0f3d84909dcc8f46719",
      "userId": "686276c831a7906c7c643684",
      "room_Id": "6865360f5d5b53a6503936f0",
      "datetime": "2025-08-15T08:30:00.000Z",
      "endDatetime": "2025-08-15T09:30:00.000Z",
      "date": "2025-08-15",
      "numUsers": 4,
      "purpose": "testing2",
      "location": "Ground Floor",
      "roomName": "Collaboration Room",
      "participants": [
        {
          "name": "Patrick Miguel Andrade",
          "course": "Bachelor of Science in Information Technology",
          "year_level": "3rd Year",
          "department": "CLASE",
          "idNumber": "2022000615",
          "_id": "689ed510ad0b33f8d2a25204"
        },
        {
          "name": "Stephen P. Madero Jr.",
          "course": "Bachelor of Science in Information Technology",
          "year_level": "3rd Year",
          "department": "CLASE",
          "idNumber": "2022000099",
          "_id": "689ed510ad0b33f8d2a25205"
        },
        {
          "name": "Suheila Belle Morales",
          "course": "Bachelor of Science in Information Technology",
          "year_level": "3rd Year",
          "department": "CLASE",
          "idNumber": "2022003940",
          "_id": "689ed510ad0b33f8d2a25206"
        },
        {
          "name": "Louis Miguel Parreno",
          "course": "Bachelor of Science in Information Technology",
          "year_level": "3rd Year",
          "department": "CLASE",
          "idNumber": "2022002517",
          "_id": "689ed510ad0b33f8d2a25207"
        }
      ],
      "status": "Expired",
      "archived": false,
      "notificationSent": false,
      "lastNotificationType": null,
      "checkedIn": false,
      "extensionRequested": false,
      "extensionHours": null,
      "extensionStatus": null,
      "extendedEndDatetime": null,
      "archivedAt": "2025-09-21T07:39:39.663Z",
      "createdAt": "2025-08-15T06:34:56.460Z",
      "updatedAt": "2025-08-15T06:34:56.460Z",
      "__v": 0
    },
    {
      "_id": "68ceb1f6f18b5f45e7744f23",
      "userId": "686276c831a7906c7c643684",
      "room_Id": "6865360f5d5b53a6503936f0",
      "datetime": "2025-09-29T01:00:00.000Z",
      "endDatetime": "2025-09-29T02:00:00.000Z",
      "date": "2025-09-29",
      "numUsers": 4,
      "purpose": "testing2",
      "location": "Ground Floor",
      "roomName": "Collaboration Room",
      "participants": [
        {
          "name": "Stephen P. Madero Jr.",
          "course": "Bachelor of Science in Information Technology",
          "year_level": "4th Year",
          "department": "CLASE",
          "idNumber": "2022000099",
          "_id": "68ceb1f6f18b5f45e7744f24"
        },
        {
          "name": "Suheila Belle Morales",
          "course": "Bachelor of Science in Information Technology",
          "year_level": "4th Year",
          "department": "CLASE",
          "idNumber": "2022003940",
          "_id": "68ceb1f6f18b5f45e7744f25"
        },
        {
          "name": "Louis Miguel Parreno",
          "course": "Bachelor of Science in Information Technology",
          "year_level": "4th Year",
          "department": "CLASE",
          "idNumber": "2022002517",
          "_id": "68ceb1f6f18b5f45e7744f26"
        },
        {
          "name": "Patrick Miguel Andrade",
          "course": "Bachelor of Science in Information Technology",
          "year_level": "4th Year",
          "department": "CLASE",
          "idNumber": "2022000615",
          "_id": "68ceb1f6f18b5f45e7744f27"
        }
      ],
      "status": "Approved",
      "archived": false,
      "notificationSent": false,
      "lastNotificationType": null,
      "checkedIn": false,
      "extensionRequested": false,
      "extensionHours": null,
      "extensionStatus": null,
      "extendedEndDatetime": null,
      "archivedAt": "2025-09-21T07:39:51.395Z",
      "createdAt": "2025-09-20T13:53:58.070Z",
      "updatedAt": "2025-09-20T13:53:58.070Z",
      "__v": 0
    },
    {
      "_id": "68d020b71453f08552657a80",
      "userId": "686aa7d65134212deed2a709",
      "room_Id": "6865360f5d5b53a6503936ef",
      "datetime": "2025-09-22T06:00:00.000Z",
      "endDatetime": "2025-09-22T07:00:00.000Z",
      "date": "2025-09-22",
      "numUsers": 4,
      "purpose": "wewewe",
      "location": "Ground Floor",
      "roomName": "Discussion Room",
      "participants": [
        {
          "name": "Louis Miguel Parreno",
          "course": "Bachelor of Science in Information Technology",
          "year_level": "4th Year",
          "department": "CLASE",
          "idNumber": "2022002517",
          "_id": "68d020b71453f08552657a81"
        },
        {
          "name": "Stephen P. Madero Jr.",
          "course": "Bachelor of Science in Information Technology",
          "year_level": "4th Year",
          "department": "CLASE",
          "idNumber": "2022000099",
          "_id": "68d020b71453f08552657a82"
        },
        {
          "name": "Suheila Belle Morales",
          "course": "Bachelor of Science in Information Technology",
          "year_level": "4th Year",
          "department": "CLASE",
          "idNumber": "2022003940",
          "_id": "68d020b71453f08552657a83"
        },
        {
          "name": "Patrick Miguel Andrade",
          "course": "Bachelor of Science in Information Technology",
          "year_level": "4th Year",
          "department": "CLASE",
          "idNumber": "2022000615",
          "_id": "68d020b71453f08552657a84"
        }
      ],
      "status": "Approved",
      "archived": false,
      "notificationSent": false,
      "lastNotificationType": null,
      "checkedIn": false,
      "extensionRequested": false,
      "extensionHours": null,
      "extensionStatus": null,
      "extendedEndDatetime": null,
      "archivedAt": "2025-09-21T16:03:26.378Z",
      "createdAt": "2025-09-21T15:58:47.908Z",
      "updatedAt": "2025-09-21T15:58:47.908Z",
      "__v": 0
    },
    {
      "_id": "68d0056a8bada8b165e19a10",
      "userId": "686276c831a7906c7c643684",
      "room_Id": "6865360f5d5b53a6503936f0",
      "datetime": "2025-09-24T02:00:00.000Z",
      "endDatetime": "2025-09-24T03:00:00.000Z",
      "date": "2025-09-24",
      "numUsers": 4,
      "purpose": "testing",
      "location": "Ground Floor",
      "roomName": "Collaboration Room",
      "participants": [
        {
          "name": "Stephen P. Madero Jr.",
          "course": "Bachelor of Science in Information Technology",
          "year_level": "4th Year",
          "department": "CLASE",
          "idNumber": "2022000099",
          "_id": "68d0056a8bada8b165e19a11"
        },
        {
          "name": "Patrick Miguel Andrade",
          "course": "Bachelor of Science in Information Technology",
          "year_level": "4th Year",
          "department": "CLASE",
          "idNumber": "2022000615",
          "_id": "68d0056a8bada8b165e19a12"
        },
        {
          "name": "Louis Miguel Parreno",
          "course": "Bachelor of Science in Information Technology",
          "year_level": "4th Year",
          "department": "CLASE",
          "idNumber": "2022002517",
          "_id": "68d0056a8bada8b165e19a13"
        },
        {
          "name": "Suheila Belle Morales",
          "course": "Bachelor of Science in Information Technology",
          "year_level": "4th Year",
          "department": "CLASE",
          "idNumber": "2022003940",
          "_id": "68d0056a8bada8b165e19a14"
        }
      ],
      "status": "Approved",
      "archived": false,
      "notificationSent": false,
      "lastNotificationType": null,
      "checkedIn": false,
      "extensionRequested": false,
      "extensionHours": null,
      "extensionStatus": null,
      "extendedEndDatetime": null,
      "archivedAt": "2025-09-21T16:06:24.926Z",
      "createdAt": "2025-09-21T14:02:18.276Z",
      "updatedAt": "2025-09-21T14:02:18.276Z",
      "__v": 0
    },
    {
      "_id": "68e7a31f15ccc3205b954625",
      "userId": "686276c831a7906c7c643684",
      "room_Id": "6865360f5d5b53a6503936f0",
      "roomName": "Collaboration Room",
      "location": "Ground Floor",
      "purpose": "testing",
      "datetime": "2025-10-10T07:00:00.000Z",
      "endDatetime": "2025-10-10T08:00:00.000Z",
      "date": "2025-10-10",
      "numUsers": 5,
      "participants": [
        {
          "name": "Stephen P. Madero Jr.",
          "department": "CLASE",
          "_id": "68e7a31f15ccc3205b954626"
        },
        {
          "name": "Suheila Belle Morales",
          "department": "CLASE",
          "_id": "68e7a31f15ccc3205b954627"
        },
        {
          "name": "Louis Miguel Parreno",
          "department": "CLASE",
          "_id": "68e7a31f15ccc3205b954628"
        },
        {
          "name": "Patrick Miguel Andrade",
          "department": "CLASE",
          "_id": "68e7a31f15ccc3205b954629"
        }
      ],
      "status": "Cancelled",
      "extensionRequested": false,
      "extensionStatus": "Pending",
      "extensionType": "continuous",
      "archivedAt": "2025-10-10T07:10:57.070Z",
      "createdAt": "2025-10-09T11:57:19.120Z",
      "updatedAt": "2025-10-09T11:57:19.120Z",
      "__v": 0
    },
    {
      "_id": "68e160ad290d8d9f9bf73ac0",
      "userId": "686276c831a7906c7c643684",
      "room_Id": "6865360f5d5b53a6503936f8",
      "roomName": "Collaboration Room",
      "location": "4th Floor",
      "purpose": "testing",
      "datetime": "2025-10-09T07:30:00.000Z",
      "endDatetime": "2025-10-09T08:30:00.000Z",
      "date": "2025-10-09",
      "numUsers": 5,
      "participants": [
        {
          "name": "Stephen P. Madero Jr.",
          "id_number": "2022000099",
          "course": "Bachelor of Science in Information Technology",
          "year_level": "4th Year",
          "department": "CLASE",
          "_id": "68e160ad290d8d9f9bf73ac1"
        },
        {
          "name": "Patrick Miguel Andrade",
          "id_number": "2022000615",
          "course": "Bachelor of Science in Information Technology",
          "year_level": "4th Year",
          "department": "CLASE",
          "_id": "68e160ad290d8d9f9bf73ac2"
        },
        {
          "name": "Louis Miguel Parreno",
          "id_number": "2022002517",
          "course": "Bachelor of Science in Information Technology",
          "year_level": "4th Year",
          "department": "CLASE",
          "_id": "68e160ad290d8d9f9bf73ac3"
        },
        {
          "name": "Suheila Belle Morales",
          "id_number": "2022003940",
          "course": "Bachelor of Science in Information Technology",
          "year_level": "4th Year",
          "department": "CLASE",
          "_id": "68e160ad290d8d9f9bf73ac4"
        }
      ],
      "status": "Rejected",
      "extensionRequested": false,
      "extensionStatus": null,
      "extensionType": "continuous",
      "extensionHours": null,
      "extendedEndDatetime": null,
      "archivedAt": "2025-10-10T07:14:02.999Z",
      "createdAt": "2025-10-04T18:00:13.208Z",
      "updatedAt": "2025-10-04T18:00:13.208Z",
      "__v": 0
    },
    {
      "_id": "68e8b3b32aae1727becc8522",
      "userId": "686276c831a7906c7c643684",
      "room_Id": "6865360f5d5b53a6503936f0",
      "roomName": "Collaboration Room",
      "location": "Ground Floor",
      "purpose": "testing",
      "datetime": "2025-08-16T01:30:00.000Z",
      "endDatetime": "2025-08-16T02:30:00.000Z",
      "date": "2025-08-16",
      "numUsers": 4,
      "participants": [
        {
          "name": "Suheila Belle Morales",
          "course": "Bachelor of Science in Information Technology",
          "year_level": "3rd Year",
          "department": "CLASE",
          "_id": "689ecab5eebefe004394907e"
        },
        {
          "name": "Patrick Miguel Andrade",
          "course": "Bachelor of Science in Information Technology",
          "year_level": "3rd Year",
          "department": "CLASE",
          "_id": "689ecab5eebefe004394907f"
        },
        {
          "name": "Louis Miguel Parreno",
          "course": "Bachelor of Science in Information Technology",
          "year_level": "3rd Year",
          "department": "CLASE",
          "_id": "689ecab5eebefe0043949080"
        },
        {
          "name": "Stephen P. Madero Jr.",
          "course": "Bachelor of Science in Information Technology",
          "year_level": "3rd Year",
          "department": "CLASE",
          "_id": "689ecab5eebefe0043949081"
        }
      ],
      "status": "Cancelled",
      "extensionRequested": false,
      "extensionStatus": null,
      "extensionType": "continuous",
      "extensionHours": null,
      "extendedEndDatetime": null,
      "archivedAt": "2025-10-10T07:20:26.939Z",
      "createdAt": "2025-08-15T05:50:45.580Z",
      "updatedAt": "2025-08-15T05:50:45.580Z",
      "__v": 0
    }
  ]
}