{
  "collection": "messages",
  "count": 118,
  "timestamp": "2025-10-10T09:31:37.465Z",
  "data": [
    {
      "_id": "68d63e2dd5cdf79fdceae381",
      "sender": "686276c831a7906c7c643684",
      "receiver": "Ground Floor",
      "content": "hi",
      "createdAt": "2025-09-26T07:18:05.130Z",
      "archived": false,
      "updatedAt": "2025-09-26T07:18:05.130Z",
      "__v": 0
    },
    {
      "_id": "68d63e33d5cdf79fdceae391",
      "sender": "68d51d9892e41aa3b1a34e45",
      "receiver": "686276c831a7906c7c643684",
      "content": "hello",
      "createdAt": "2025-09-26T07:18:11.705Z",
      "archived": false,
      "updatedAt": "2025-09-26T07:18:11.705Z",
      "__v": 0
    },
    {
      "_id": "68d63e3fd5cdf79fdceae39a",
      "sender": "686276c831a7906c7c643684",
      "receiver": "admin",
      "content": "hi",
      "createdAt": "2025-09-26T07:18:23.056Z",
      "archived": false,
      "updatedAt": "2025-09-26T07:18:23.056Z",
      "__v": 0
    },
    {
      "_id": "68d63e48d5cdf79fdceae3a9",
      "sender": "admin",
      "receiver": "686276c831a7906c7c643684",
      "content": "hello",
      "createdAt": "2025-09-26T07:18:32.352Z",
      "archived": false,
      "updatedAt": "2025-09-26T07:18:32.352Z",
      "__v": 0
    },
    {
      "_id": "68d64008204d3c4c031bd2fc",
      "sender": "68d51d9892e41aa3b1a34e45",
      "receiver": "686276c831a7906c7c643684",
      "content": "hello",
      "createdAt": "2025-09-26T07:26:00.813Z",
      "archived": false,
      "updatedAt": "2025-09-26T07:26:00.813Z",
      "__v": 0
    },
    {
      "_id": "68d641d37814f238f839a7a2",
      "sender": "68d51d9892e41aa3b1a34e45",
      "receiver": "686276c831a7906c7c643684",
      "content": "hi",
      "createdAt": "2025-09-26T07:33:39.797Z",
      "archived": false,
      "updatedAt": "2025-09-26T07:33:39.797Z",
      "__v": 0
    },
    {
      "_id": "68d641da7814f238f839a7b5",
      "sender": "686276c831a7906c7c643684",
      "receiver": "68d51d9892e41aa3b1a34e45",
      "content": "hello",
      "createdAt": "2025-09-26T07:33:46.859Z",
      "archived": false,
      "updatedAt": "2025-09-26T07:33:46.859Z",
      "__v": 0
    },
    {
      "_id": "68d643537814f238f839a7c6",
      "sender": "686276c831a7906c7c643684",
      "receiver": "68d51d9892e41aa3b1a34e45",
      "content": "available pa ba ako sa pU$0 mo?",
      "createdAt": "2025-09-26T07:40:03.442Z",
      "archived": false,
      "updatedAt": "2025-09-26T07:40:03.442Z",
      "__v": 0
    },
    {
      "_id": "68d6435e7814f238f839a7d2",
      "sender": "68d51d9892e41aa3b1a34e45",
      "receiver": "686276c831a7906c7c643684",
      "content": "hende",
      "createdAt": "2025-09-26T07:40:14.927Z",
      "archived": false,
      "updatedAt": "2025-09-26T07:40:14.927Z",
      "__v": 0
    },
    {
      "_id": "68d64cafc6f76b8682f36a5e",
      "sender": "686276c831a7906c7c643684",
      "receiver": "Ground Floor",
      "content": "hi",
      "senderType": "user",
      "floor": "Ground Floor",
      "createdAt": "2025-09-26T08:19:59.892Z",
      "archived": false,
      "__v": 0
    },
    {
      "_id": "68d64cb8c6f76b8682f36a81",
      "sender": "68d51d9892e41aa3b1a34e45",
      "receiver": "686276c831a7906c7c643684",
      "content": "hello",
      "senderType": "staff",
      "displayName": "Ground Floor Staff",
      "floor": "Ground Floor",
      "createdAt": "2025-09-26T08:20:08.562Z",
      "archived": false,
      "__v": 0
    },
    {
      "_id": "68d64cdcc6f76b8682f36ab6",
      "sender": "68d51d9892e41aa3b1a34e45",
      "receiver": "686276c831a7906c7c643684",
      "content": "hi",
      "senderType": "staff",
      "displayName": "Ground Floor Staff",
      "floor": "Ground Floor",
      "createdAt": "2025-09-26T08:20:44.571Z",
      "archived": false,
      "__v": 0
    },
    {
      "_id": "68d64d33c6f76b8682f36ae6",
      "sender": "68d64d05c6f76b8682f36ac0",
      "receiver": "686276c831a7906c7c643684",
      "content": "hello",
      "senderType": "staff",
      "displayName": "Ground Floor Staff",
      "floor": "Ground Floor",
      "createdAt": "2025-09-26T08:22:11.961Z",
      "archived": false,
      "__v": 0
    },
    {
      "_id": "68d64d59c6f76b8682f36afa",
      "sender": "686276c831a7906c7c643684",
      "receiver": "Second Floor",
      "content": "hi",
      "senderType": "user",
      "floor": "Second Floor",
      "createdAt": "2025-09-26T08:22:49.176Z",
      "archived": false,
      "__v": 0
    },
    {
      "_id": "68d64dbcc6f76b8682f36b23",
      "sender": "68d53c6de2f0cd418d0fdd19",
      "receiver": "686276c831a7906c7c643684",
      "content": "hello",
      "senderType": "staff",
      "displayName": "Second Floor Staff",
      "floor": "Second Floor",
      "createdAt": "2025-09-26T08:24:28.559Z",
      "archived": false,
      "__v": 0
    },
    {
      "_id": "68d64f3346dca72f60a08a91",
      "sender": "686276c831a7906c7c643684",
      "receiver": "Second Floor",
      "content": "hi",
      "senderType": "user",
      "floor": "Second Floor",
      "createdAt": "2025-09-26T08:30:43.711Z",
      "archived": false,
      "__v": 0
    },
    {
      "_id": "68d653c0c100a9eedbed91bd",
      "sender": "686276c831a7906c7c643684",
      "receiver": "admin",
      "content": "hi",
      "senderType": "user",
      "read": false,
      "createdAt": "2025-09-26T08:50:08.745Z",
      "__v": 0
    },
    {
      "_id": "68d653cbc100a9eedbed91cd",
      "sender": "686276c831a7906c7c643684",
      "receiver": "Second Floor",
      "content": "hi",
      "senderType": "user",
      "floor": "Second Floor",
      "read": false,
      "createdAt": "2025-09-26T08:50:19.664Z",
      "__v": 0
    },
    {
      "_id": "68d653f1c100a9eedbed91ef",
      "sender": "686276c831a7906c7c643684",
      "receiver": "admin",
      "content": "hello",
      "senderType": "user",
      "read": false,
      "createdAt": "2025-09-26T08:50:57.067Z",
      "__v": 0
    },
    {
      "_id": "68d65509ec96f03c0d531691",
      "sender": "686276c831a7906c7c643684",
      "receiver": "Second Floor",
      "content": "hi",
      "senderType": "user",
      "floor": "Second Floor",
      "read": false,
      "createdAt": "2025-09-26T08:55:37.408Z",
      "__v": 0
    },
    {
      "_id": "68d65573256e538d01f75bed",
      "sender": "686276c831a7906c7c643684",
      "receiver": "admin",
      "content": "hi",
      "senderType": "user",
      "read": false,
      "createdAt": "2025-09-26T08:57:23.903Z",
      "__v": 0
    },
    {
      "_id": "68d65acba71877fc9c57f42b",
      "sender": "686276c831a7906c7c643684",
      "receiver": "admin",
      "content": "hi",
      "senderType": "user",
      "read": false,
      "createdAt": "2025-09-26T09:20:11.445Z",
      "__v": 0
    },
    {
      "_id": "68d65ad6a71877fc9c57f437",
      "sender": "686276c831a7906c7c643684",
      "receiver": "Second Floor",
      "content": "hi",
      "senderType": "user",
      "floor": "Second Floor",
      "read": false,
      "createdAt": "2025-09-26T09:20:22.634Z",
      "__v": 0
    },
    {
      "_id": "68d65b0127057b9b31509fa2",
      "sender": "686276c831a7906c7c643684",
      "receiver": "admin",
      "content": "hi",
      "senderType": "user",
      "read": false,
      "createdAt": "2025-09-26T09:21:05.096Z",
      "__v": 0
    },
    {
      "_id": "68d65b3035245690aa58c552",
      "sender": "686276c831a7906c7c643684",
      "receiver": "admin",
      "content": "hello",
      "senderType": "user",
      "read": false,
      "createdAt": "2025-09-26T09:21:52.695Z",
      "__v": 0
    },
    {
      "_id": "68d65b4435245690aa58c590",
      "sender": "686276c831a7906c7c643684",
      "receiver": "Second Floor",
      "content": "hi",
      "senderType": "user",
      "floor": "Second Floor",
      "read": false,
      "createdAt": "2025-09-26T09:22:12.382Z",
      "__v": 0
    },
    {
      "_id": "68d65b4d35245690aa58c59f",
      "sender": "68d53c6de2f0cd418d0fdd19",
      "receiver": "686276c831a7906c7c643684",
      "content": "hello",
      "senderType": "staff",
      "floor": "Second Floor",
      "displayName": "Second Floor Staff",
      "read": false,
      "createdAt": "2025-09-26T09:22:21.728Z",
      "__v": 0
    },
    {
      "_id": "68d65b7db4a7f5b514c233d8",
      "sender": "686276c831a7906c7c643684",
      "receiver": "Second Floor",
      "content": "hi",
      "senderType": "user",
      "floor": "Second Floor",
      "read": false,
      "createdAt": "2025-09-26T09:23:09.129Z",
      "__v": 0
    },
    {
      "_id": "68d65d9d5bb141558a9f0386",
      "sender": "686276c831a7906c7c643684",
      "receiver": "Second Floor",
      "content": "hi",
      "senderType": "user",
      "floor": "Second Floor",
      "read": false,
      "createdAt": "2025-09-26T09:32:13.205Z",
      "__v": 0
    },
    {
      "_id": "68d65db5707f93ce76410d5e",
      "sender": "686276c831a7906c7c643684",
      "receiver": "Second Floor",
      "content": "hi",
      "senderType": "user",
      "floor": "Second Floor",
      "read": false,
      "createdAt": "2025-09-26T09:32:37.125Z",
      "__v": 0
    },
    {
      "_id": "68d65dd1f9f9bdcc1da0180c",
      "sender": "68d53c6de2f0cd418d0fdd19",
      "receiver": "686276c831a7906c7c643684",
      "content": "hello",
      "senderType": "staff",
      "floor": "Second Floor",
      "displayName": "Second Floor Staff",
      "read": false,
      "createdAt": "2025-09-26T09:33:05.894Z",
      "__v": 0
    },
    {
      "_id": "68d663460c9f5c4dba9cc12e",
      "sender": "68d53c6de2f0cd418d0fdd19",
      "receiver": "686276c831a7906c7c643684",
      "content": "hello",
      "senderType": "staff",
      "floor": "Second Floor",
      "displayName": "Second Floor Staff",
      "read": false,
      "createdAt": "2025-09-26T09:56:22.220Z",
      "__v": 0
    },
    {
      "_id": "68d663510c9f5c4dba9cc16a",
      "sender": "admin",
      "receiver": "686276c831a7906c7c643684",
      "content": "hi",
      "senderType": "admin",
      "displayName": "Admin",
      "read": false,
      "createdAt": "2025-09-26T09:56:33.227Z",
      "__v": 0
    },
    {
      "_id": "68d663690c9f5c4dba9cc1ad",
      "sender": "admin",
      "receiver": "Second Floor",
      "content": "hi",
      "senderType": "admin",
      "floor": "Second Floor",
      "displayName": "Admin",
      "read": false,
      "createdAt": "2025-09-26T09:56:57.104Z",
      "__v": 0
    },
    {
      "_id": "68d66580f3a8d481b1c9d73b",
      "sender": "68d53c6de2f0cd418d0fdd19",
      "receiver": "admin",
      "content": "hi",
      "senderType": "staff",
      "floor": "Second Floor",
      "displayName": "staff2",
      "read": false,
      "createdAt": "2025-09-26T10:05:52.941Z",
      "__v": 0
    },
    {
      "_id": "68d66594f3a8d481b1c9d795",
      "sender": "686276c831a7906c7c643684",
      "receiver": "admin",
      "content": "hi",
      "senderType": "user",
      "read": false,
      "createdAt": "2025-09-26T10:06:12.898Z",
      "__v": 0
    },
    {
      "_id": "68d665b0f3a8d481b1c9d7c6",
      "sender": "68d53c6de2f0cd418d0fdd19",
      "receiver": "686276c831a7906c7c643684",
      "content": "hello meow",
      "senderType": "staff",
      "floor": "Second Floor",
      "displayName": "Second Floor Staff",
      "read": false,
      "createdAt": "2025-09-26T10:06:40.920Z",
      "__v": 0
    },
    {
      "_id": "68d665fef3a8d481b1c9d849",
      "sender": "68d51d9892e41aa3b1a34e45",
      "receiver": "686276c831a7906c7c643684",
      "content": "hi im staff ground floor",
      "senderType": "staff",
      "floor": "Ground Floor",
      "displayName": "Ground Floor Staff",
      "read": false,
      "createdAt": "2025-09-26T10:07:58.961Z",
      "__v": 0
    },
    {
      "_id": "68d666a6f3a8d481b1c9d88f",
      "sender": "68d51d9892e41aa3b1a34e45",
      "receiver": "admin",
      "content": "admin",
      "senderType": "staff",
      "floor": "Ground Floor",
      "displayName": "staff1",
      "read": false,
      "createdAt": "2025-09-26T10:10:46.315Z",
      "__v": 0
    },
    {
      "_id": "68d666c6f3a8d481b1c9d8b1",
      "sender": "admin",
      "receiver": "68d51d9892e41aa3b1a34e45",
      "content": "op?",
      "senderType": "admin",
      "displayName": "Admin",
      "read": false,
      "createdAt": "2025-09-26T10:11:18.942Z",
      "__v": 0
    },
    {
      "_id": "68d666e7f3a8d481b1c9d8f1",
      "sender": "68d64d05c6f76b8682f36ac0",
      "receiver": "686276c831a7906c7c643684",
      "content": "hi im staff ground floor v1.1",
      "senderType": "staff",
      "floor": "Ground Floor",
      "displayName": "Ground Floor Staff",
      "read": false,
      "createdAt": "2025-09-26T10:11:51.861Z",
      "__v": 0
    },
    {
      "_id": "68d66713f3a8d481b1c9d906",
      "sender": "68d64d05c6f76b8682f36ac0",
      "receiver": "admin",
      "content": "hi po",
      "senderType": "staff",
      "floor": "Ground Floor",
      "displayName": "staff1.1",
      "read": false,
      "createdAt": "2025-09-26T10:12:35.742Z",
      "__v": 0
    },
    {
      "_id": "68d669aaf3a8d481b1c9dd1d",
      "sender": "admin",
      "receiver": "68d64d05c6f76b8682f36ac0",
      "content": "is there any problem ba?\n\nkase di ko din alam kung meron problema",
      "senderType": "admin",
      "displayName": "Admin",
      "read": false,
      "createdAt": "2025-09-26T10:23:38.012Z",
      "__v": 0
    },
    {
      "_id": "68d6731e61a87d75717ec4f2",
      "sender": "admin",
      "receiver": "686cb58144bab8d2834576c4",
      "content": "meow",
      "senderType": "admin",
      "displayName": "Admin",
      "read": false,
      "createdAt": "2025-09-26T11:03:58.270Z",
      "__v": 0
    },
    {
      "_id": "68d6745c12677bb87f8ebfe4",
      "sender": "admin",
      "receiver": "686cb58144bab8d2834576c4",
      "content": "meow",
      "senderType": "admin",
      "displayName": "Admin",
      "read": false,
      "createdAt": "2025-09-26T11:09:16.727Z",
      "__v": 0
    },
    {
      "_id": "68d676dd9cbd2b7fa092acec",
      "sender": "admin",
      "receiver": "686aa7d65134212deed2a709",
      "content": "asfawr",
      "senderType": "admin",
      "displayName": "Admin",
      "read": false,
      "createdAt": "2025-09-26T11:19:57.529Z",
      "__v": 0
    },
    {
      "_id": "68d67866886e2f75971b2a78",
      "sender": "admin",
      "receiver": "686aa7d65134212deed2a709",
      "content": "asdasd",
      "senderType": "admin",
      "displayName": "Admin",
      "read": false,
      "createdAt": "2025-09-26T11:26:30.557Z",
      "__v": 0
    },
    {
      "_id": "68d678fac645c9aaecfb21d4",
      "sender": "admin",
      "receiver": "686aa7d65134212deed2a709",
      "content": "afadfa",
      "senderType": "admin",
      "displayName": "Admin",
      "read": false,
      "createdAt": "2025-09-26T11:28:58.113Z",
      "__v": 0
    },
    {
      "_id": "68d679390ac184428ef55cdd",
      "sender": "admin",
      "receiver": "686aa7d65134212deed2a709",
      "content": "qwrqerq",
      "senderType": "admin",
      "displayName": "Admin",
      "read": false,
      "createdAt": "2025-09-26T11:30:01.374Z",
      "__v": 0
    },
    {
      "_id": "68d67a3e0ac184428ef55de0",
      "sender": "admin",
      "receiver": "686aa7d65134212deed2a709",
      "content": "qwrqwr",
      "senderType": "admin",
      "displayName": "Admin",
      "read": false,
      "createdAt": "2025-09-26T11:34:22.571Z",
      "__v": 0
    },
    {
      "_id": "68d67ce6d40a4423eac5be7e",
      "sender": "admin",
      "receiver": "686cb58144bab8d2834576c4",
      "content": "qweqw",
      "senderType": "admin",
      "displayName": "Admin",
      "read": false,
      "createdAt": "2025-09-26T11:45:42.984Z",
      "__v": 0
    },
    {
      "_id": "68d67d83d041724c1bbf84f3",
      "sender": "admin",
      "receiver": "686cb58144bab8d2834576c4",
      "content": "qweq",
      "senderType": "admin",
      "displayName": "Admin",
      "read": false,
      "createdAt": "2025-09-26T11:48:19.125Z",
      "__v": 0
    },
    {
      "_id": "68d6821d734fc126aa7a4508",
      "sender": "admin",
      "receiver": "686aa7d65134212deed2a709",
      "content": "dsfgs",
      "senderType": "admin",
      "displayName": "Admin",
      "read": false,
      "createdAt": "2025-09-26T12:07:57.083Z",
      "__v": 0
    },
    {
      "_id": "68d6823a734fc126aa7a467b",
      "sender": "686aa7d65134212deed2a709",
      "receiver": "admin",
      "content": "afaf",
      "senderType": "user",
      "read": false,
      "createdAt": "2025-09-26T12:08:26.625Z",
      "__v": 0
    },
    {
      "_id": "68d6851f25a0e926f6d43384",
      "sender": "admin",
      "receiver": "686cb58144bab8d2834576c4",
      "senderModel": "String",
      "receiverModel": "User",
      "content": "asd",
      "senderType": "admin",
      "displayName": "Admin",
      "read": false,
      "createdAt": "2025-09-26T12:20:47.851Z",
      "__v": 0
    },
    {
      "_id": "68d68586cb43315f2ab9038b",
      "sender": "admin",
      "receiver": "686aa7d65134212deed2a709",
      "content": "asfadf",
      "senderType": "admin",
      "displayName": "Admin",
      "read": false,
      "createdAt": "2025-09-26T12:22:30.554Z",
      "__v": 0
    },
    {
      "_id": "68d685c7cb43315f2ab90488",
      "sender": "686aa7d65134212deed2a709",
      "receiver": "Ground Floor",
      "content": "asfawrtqwe",
      "senderType": "user",
      "floor": "Ground Floor",
      "read": false,
      "createdAt": "2025-09-26T12:23:35.827Z",
      "__v": 0
    },
    {
      "_id": "68d6908dcb43315f2ab9135c",
      "sender": "68d64d05c6f76b8682f36ac0",
      "receiver": "686276c831a7906c7c643684",
      "content": "yggg",
      "senderType": "staff",
      "floor": "Ground Floor",
      "displayName": "Ground Floor Staff",
      "read": false,
      "createdAt": "2025-09-26T13:09:33.907Z",
      "__v": 0
    },
    {
      "_id": "68d6ad040dcc48b72fb8423e",
      "sender": "68d53c6de2f0cd418d0fdd19",
      "receiver": "686276c831a7906c7c643684",
      "content": "meow",
      "senderType": "staff",
      "floor": "Second Floor",
      "displayName": "Second Floor Staff",
      "read": false,
      "createdAt": "2025-09-26T15:11:00.164Z",
      "__v": 0
    },
    {
      "_id": "68d6ad130dcc48b72fb84258",
      "sender": "686276c831a7906c7c643684",
      "receiver": "Second Floor",
      "content": "hello",
      "senderType": "user",
      "floor": "Second Floor",
      "read": false,
      "createdAt": "2025-09-26T15:11:15.248Z",
      "__v": 0
    },
    {
      "_id": "68d798af057dfe336e28c0b0",
      "sender": "68d53c6de2f0cd418d0fdd19",
      "receiver": "686276c831a7906c7c643684",
      "content": "htgutyu",
      "senderType": "staff",
      "floor": "Second Floor",
      "displayName": "Second Floor Staff",
      "read": false,
      "createdAt": "2025-09-27T07:56:31.577Z",
      "__v": 0
    },
    {
      "_id": "68d798ba057dfe336e28c148",
      "sender": "686276c831a7906c7c643684",
      "receiver": "Second Floor",
      "content": "567567",
      "senderType": "user",
      "floor": "Second Floor",
      "read": false,
      "createdAt": "2025-09-27T07:56:42.871Z",
      "__v": 0
    },
    {
      "_id": "68d7a7933b9eb87a086f51d1",
      "sender": "68d51d9892e41aa3b1a34e45",
      "receiver": "686276c831a7906c7c643684",
      "content": "hello",
      "senderType": "staff",
      "floor": "Ground Floor",
      "displayName": "Ground Floor Staff",
      "read": false,
      "createdAt": "2025-09-27T09:00:03.464Z",
      "__v": 0
    },
    {
      "_id": "68d7aecc2b3bdb343a47cc90",
      "sender": "686276c831a7906c7c643684",
      "receiver": "Ground Floor",
      "content": "hi",
      "senderType": "user",
      "floor": "Ground Floor",
      "read": false,
      "createdAt": "2025-09-27T09:30:52.484Z",
      "__v": 0
    },
    {
      "_id": "68dbf97a9745ebea7be59d82",
      "sender": "admin",
      "receiver": "686276c831a7906c7c643684",
      "content": "enter 1 to get 1 million dolllars",
      "senderType": "admin",
      "displayName": "Admin",
      "read": false,
      "createdAt": "2025-09-30T15:38:34.956Z",
      "__v": 0
    },
    {
      "_id": "68dbfa687233da51b9138740",
      "sender": "686276c831a7906c7c643684",
      "receiver": "admin",
      "content": "11111",
      "senderType": "user",
      "read": false,
      "createdAt": "2025-09-30T15:42:32.589Z",
      "__v": 0
    },
    {
      "_id": "68dbfa727233da51b9138743",
      "sender": "686276c831a7906c7c643684",
      "receiver": "admin",
      "content": "wheres my 5 million dollar",
      "senderType": "user",
      "read": false,
      "createdAt": "2025-09-30T15:42:42.592Z",
      "__v": 0
    },
    {
      "_id": "68dd4dc6e308386525c2aa35",
      "sender": "686aa7d65134212deed2a709",
      "receiver": "Ground Floor",
      "content": "ERRRORRRRRRR",
      "senderType": "user",
      "floor": "Ground Floor",
      "read": false,
      "createdAt": "2025-10-01T15:50:30.976Z",
      "__v": 0
    },
    {
      "_id": "68dd4df0e308386525c2aa53",
      "sender": "686aa7d65134212deed2a709",
      "receiver": "admin",
      "content": "Pa oRDERRRRRR",
      "senderType": "user",
      "read": false,
      "createdAt": "2025-10-01T15:51:12.773Z",
      "__v": 0
    },
    {
      "_id": "68dd4e267d0d9617c9f17884",
      "sender": "6859f263ab432956b1c1b617",
      "receiver": "Ground Floor",
      "content": "hhh",
      "senderType": "user",
      "floor": "Ground Floor",
      "read": false,
      "createdAt": "2025-10-01T15:52:06.302Z",
      "__v": 0
    },
    {
      "_id": "68dd4e2c7d0d9617c9f17887",
      "sender": "6859f263ab432956b1c1b617",
      "receiver": "Ground Floor",
      "content": "hh",
      "senderType": "user",
      "floor": "Ground Floor",
      "read": false,
      "createdAt": "2025-10-01T15:52:12.024Z",
      "__v": 0
    },
    {
      "_id": "68dd4e367d0d9617c9f1788a",
      "sender": "6859f263ab432956b1c1b617",
      "receiver": "Ground Floor",
      "content": "h",
      "senderType": "user",
      "floor": "Ground Floor",
      "read": false,
      "createdAt": "2025-10-01T15:52:22.082Z",
      "__v": 0
    },
    {
      "_id": "68dd4e6b7d0d9617c9f1788f",
      "sender": "6859f263ab432956b1c1b617",
      "receiver": "admin",
      "content": "hhh",
      "senderType": "user",
      "read": false,
      "createdAt": "2025-10-01T15:53:15.907Z",
      "__v": 0
    },
    {
      "_id": "68dd4eb3f54314e6547b6424",
      "sender": "686cb58144bab8d2834576c4",
      "receiver": "Ground Floor",
      "content": "Hello Ground Floor Staff",
      "senderType": "user",
      "floor": "Ground Floor",
      "read": false,
      "createdAt": "2025-10-01T15:54:27.750Z",
      "__v": 0
    },
    {
      "_id": "68dd4ef2f54314e6547b642d",
      "sender": "686cb58144bab8d2834576c4",
      "receiver": "admin",
      "content": "Admin",
      "senderType": "user",
      "read": false,
      "createdAt": "2025-10-01T15:55:30.030Z",
      "__v": 0
    },
    {
      "_id": "68dd4f018c4aa0f9229e1c87",
      "sender": "68d51d9892e41aa3b1a34e45",
      "receiver": "686aa7d65134212deed2a709",
      "content": "frtyr",
      "senderType": "staff",
      "floor": "Ground Floor",
      "displayName": "Ground Floor Staff",
      "read": false,
      "createdAt": "2025-10-01T15:55:45.959Z",
      "__v": 0
    },
    {
      "_id": "68dd4f877d0d9617c9f17ee7",
      "sender": "68d51d9892e41aa3b1a34e45",
      "receiver": "6859f263ab432956b1c1b617",
      "content": "ok a",
      "senderType": "staff",
      "floor": "Ground Floor",
      "displayName": "Ground Floor Staff",
      "read": false,
      "createdAt": "2025-10-01T15:57:59.373Z",
      "__v": 0
    },
    {
      "_id": "68dd5066e308386525c2b33f",
      "sender": "68d53c6de2f0cd418d0fdd19",
      "receiver": "admin",
      "content": "Use Consistent Color Sa Message Page Reservation Form wala ga auto fill  Sa Reports after \"Mark as Resolved\" Dapat ma display sa page nga \"Resolved Issue\" (For Data Driven Feature)",
      "senderType": "staff",
      "floor": "Second Floor",
      "displayName": "staff2",
      "read": false,
      "createdAt": "2025-10-01T16:01:42.769Z",
      "__v": 0
    },
    {
      "_id": "68dd5190e308386525c2b35e",
      "sender": "68d53c6de2f0cd418d0fdd19",
      "receiver": "686276c831a7906c7c643684",
      "content": "ERORRRR",
      "senderType": "staff",
      "floor": "Second Floor",
      "displayName": "Second Floor Staff",
      "read": false,
      "createdAt": "2025-10-01T16:06:40.327Z",
      "__v": 0
    },
    {
      "_id": "68dd55107d0d9617c9f18600",
      "sender": "6859f263ab432956b1c1b617",
      "receiver": "Ground Floor",
      "content": "h",
      "senderType": "user",
      "floor": "Ground Floor",
      "read": false,
      "createdAt": "2025-10-01T16:21:36.234Z",
      "__v": 0
    },
    {
      "_id": "68dd55147d0d9617c9f18604",
      "sender": "6859f263ab432956b1c1b617",
      "receiver": "Second Floor",
      "content": "j",
      "senderType": "user",
      "floor": "Second Floor",
      "read": false,
      "createdAt": "2025-10-01T16:21:40.775Z",
      "__v": 0
    },
    {
      "_id": "68de6fefd3fa5a73e8345347",
      "sender": "686276c831a7906c7c643684",
      "receiver": "Ground Floor",
      "content": "hi",
      "senderType": "user",
      "floor": "Ground Floor",
      "read": false,
      "createdAt": "2025-10-02T12:28:31.799Z",
      "__v": 0
    },
    {
      "_id": "68de6ff2d3fa5a73e834534a",
      "sender": "686276c831a7906c7c643684",
      "receiver": "Ground Floor",
      "content": "hello",
      "senderType": "user",
      "floor": "Ground Floor",
      "read": false,
      "createdAt": "2025-10-02T12:28:34.463Z",
      "__v": 0
    },
    {
      "_id": "68de6ff4d3fa5a73e834534d",
      "sender": "686276c831a7906c7c643684",
      "receiver": "Ground Floor",
      "content": "meow",
      "senderType": "user",
      "floor": "Ground Floor",
      "read": false,
      "createdAt": "2025-10-02T12:28:36.739Z",
      "__v": 0
    },
    {
      "_id": "68de6ff9d3fa5a73e834535c",
      "sender": "686276c831a7906c7c643684",
      "receiver": "Second Floor",
      "content": "hi",
      "senderType": "user",
      "floor": "Second Floor",
      "read": false,
      "createdAt": "2025-10-02T12:28:41.979Z",
      "__v": 0
    },
    {
      "_id": "68de6ffcd3fa5a73e834535f",
      "sender": "686276c831a7906c7c643684",
      "receiver": "Second Floor",
      "content": "hello",
      "senderType": "user",
      "floor": "Second Floor",
      "read": false,
      "createdAt": "2025-10-02T12:28:44.329Z",
      "__v": 0
    },
    {
      "_id": "68de7001d3fa5a73e8345376",
      "sender": "686276c831a7906c7c643684",
      "receiver": "admin",
      "content": "hi",
      "senderType": "user",
      "read": false,
      "createdAt": "2025-10-02T12:28:49.505Z",
      "__v": 0
    },
    {
      "_id": "68de7002d3fa5a73e8345379",
      "sender": "686276c831a7906c7c643684",
      "receiver": "admin",
      "content": "hello",
      "senderType": "user",
      "read": false,
      "createdAt": "2025-10-02T12:28:50.664Z",
      "__v": 0
    },
    {
      "_id": "68de78fe4997d22291a3677c",
      "sender": "686276c831a7906c7c643684",
      "receiver": "Ground Floor",
      "content": "hi",
      "senderType": "user",
      "floor": "Ground Floor",
      "read": false,
      "createdAt": "2025-10-02T13:07:10.336Z",
      "__v": 0
    },
    {
      "_id": "68de8e84e4a0ca77707ea539",
      "sender": "686aa7d65134212deed2a709",
      "receiver": "admin",
      "content": "WALA SUD AN",
      "senderType": "user",
      "read": false,
      "createdAt": "2025-10-02T14:39:00.504Z",
      "__v": 0
    },
    {
      "_id": "68de8edbe4a0ca77707ea612",
      "sender": "admin",
      "receiver": "686aa7d65134212deed2a709",
      "content": "WAla ga notif if may new messages ang admin ",
      "senderType": "admin",
      "displayName": "Admin",
      "read": false,
      "createdAt": "2025-10-02T14:40:27.853Z",
      "__v": 0
    },
    {
      "_id": "68e111c9826fbca2ba93608f",
      "sender": "686276c831a7906c7c643684",
      "receiver": "Ground Floor",
      "content": "hello",
      "senderType": "user",
      "floor": "Ground Floor",
      "read": false,
      "createdAt": "2025-10-04T12:23:37.818Z",
      "__v": 0
    },
    {
      "_id": "68e1132c826fbca2ba936105",
      "sender": "686276c831a7906c7c643684",
      "receiver": "Ground Floor",
      "content": "hello",
      "senderType": "user",
      "floor": "Ground Floor",
      "read": false,
      "createdAt": "2025-10-04T12:29:32.553Z",
      "__v": 0
    },
    {
      "_id": "68e11af674b723d3792a8a3a",
      "sender": "686276c831a7906c7c643684",
      "receiver": "Ground Floor",
      "content": "awda",
      "senderType": "user",
      "floor": "Ground Floor",
      "read": false,
      "createdAt": "2025-10-04T13:02:46.392Z",
      "__v": 0
    },
    {
      "_id": "68e11afd74b723d3792a8a5a",
      "sender": "admin",
      "receiver": "686276c831a7906c7c643684",
      "content": "awdawd",
      "senderType": "admin",
      "displayName": "Admin",
      "read": false,
      "createdAt": "2025-10-04T13:02:53.137Z",
      "__v": 0
    },
    {
      "_id": "68e11b8474b723d3792a8a9e",
      "sender": "686276c831a7906c7c643684",
      "receiver": "admin",
      "content": "hi",
      "senderType": "user",
      "read": false,
      "createdAt": "2025-10-04T13:05:08.611Z",
      "__v": 0
    },
    {
      "_id": "68e11cfe74b723d3792a93ef",
      "sender": "686276c831a7906c7c643684",
      "receiver": "admin",
      "content": "hi",
      "senderType": "user",
      "read": false,
      "createdAt": "2025-10-04T13:11:26.650Z",
      "__v": 0
    },
    {
      "_id": "68e11d1c74b723d3792a9432",
      "sender": "686276c831a7906c7c643684",
      "receiver": "Ground Floor",
      "content": "hi available pa ba ako sa puso mo?",
      "senderType": "user",
      "floor": "Ground Floor",
      "read": false,
      "createdAt": "2025-10-04T13:11:56.721Z",
      "__v": 0
    },
    {
      "_id": "68e11d2a74b723d3792a9451",
      "sender": "686276c831a7906c7c643684",
      "receiver": "admin",
      "content": "avail pa ba ako sa pUs0 mo?",
      "senderType": "user",
      "read": false,
      "createdAt": "2025-10-04T13:12:10.281Z",
      "__v": 0
    },
    {
      "_id": "68e1267b74b723d3792aa6d3",
      "sender": "admin",
      "receiver": "686276c831a7906c7c643684",
      "content": "hello",
      "senderType": "admin",
      "displayName": "Admin",
      "read": false,
      "createdAt": "2025-10-04T13:51:55.952Z",
      "__v": 0
    },
    {
      "_id": "68e126ba74b723d3792aa77b",
      "sender": "admin",
      "receiver": "68dd51bbf54314e6547b703d",
      "content": "qwrqw",
      "senderType": "admin",
      "displayName": "Admin",
      "read": false,
      "createdAt": "2025-10-04T13:52:58.915Z",
      "__v": 0
    },
    {
      "_id": "68e127ee88fb15358242ea9a",
      "sender": "admin",
      "receiver": "686276c831a7906c7c643684",
      "content": "hi",
      "senderType": "admin",
      "displayName": "Admin",
      "read": false,
      "createdAt": "2025-10-04T13:58:06.983Z",
      "__v": 0
    },
    {
      "_id": "68e1281888fb15358242eb85",
      "sender": "admin",
      "receiver": "686276c831a7906c7c643684",
      "content": "hello",
      "senderType": "admin",
      "displayName": "Admin",
      "read": false,
      "createdAt": "2025-10-04T13:58:48.309Z",
      "__v": 0
    },
    {
      "_id": "68e1281b88fb15358242eba6",
      "sender": "admin",
      "receiver": "686276c831a7906c7c643684",
      "content": "meow",
      "senderType": "admin",
      "displayName": "Admin",
      "read": false,
      "createdAt": "2025-10-04T13:58:51.549Z",
      "__v": 0
    },
    {
      "_id": "68e1281e88fb15358242ebc7",
      "sender": "admin",
      "receiver": "686276c831a7906c7c643684",
      "content": "miss mo ba sya?",
      "senderType": "admin",
      "displayName": "Admin",
      "read": false,
      "createdAt": "2025-10-04T13:58:54.175Z",
      "__v": 0
    },
    {
      "_id": "68e129c61e80bfece0a91cdf",
      "sender": "admin",
      "receiver": "686276c831a7906c7c643684",
      "content": "hi",
      "senderType": "admin",
      "displayName": "Admin",
      "read": false,
      "createdAt": "2025-10-04T14:05:58.672Z",
      "__v": 0
    },
    {
      "_id": "68e12b018361d2fa26c49516",
      "sender": "686276c831a7906c7c643684",
      "receiver": "Ground Floor",
      "content": "meow",
      "senderType": "user",
      "floor": "Ground Floor",
      "read": false,
      "createdAt": "2025-10-04T14:11:13.259Z",
      "__v": 0
    },
    {
      "_id": "68e12b1d8361d2fa26c4959d",
      "sender": "686276c831a7906c7c643684",
      "receiver": "Ground Floor",
      "content": "nyaa",
      "senderType": "user",
      "floor": "Ground Floor",
      "read": false,
      "createdAt": "2025-10-04T14:11:41.020Z",
      "__v": 0
    },
    {
      "_id": "68e12b348361d2fa26c495e2",
      "sender": "686276c831a7906c7c643684",
      "receiver": "Ground Floor",
      "content": "meow",
      "senderType": "user",
      "floor": "Ground Floor",
      "read": false,
      "createdAt": "2025-10-04T14:12:04.261Z",
      "__v": 0
    },
    {
      "_id": "68e12b478645427225b01992",
      "sender": "686276c831a7906c7c643684",
      "receiver": "Ground Floor",
      "content": "meow",
      "senderType": "user",
      "floor": "Ground Floor",
      "read": false,
      "createdAt": "2025-10-04T14:12:23.744Z",
      "__v": 0
    },
    {
      "_id": "68e12cc5ff80d0d203ba4915",
      "sender": "admin",
      "receiver": "686276c831a7906c7c643684",
      "content": "hi",
      "senderType": "admin",
      "displayName": "Admin",
      "read": false,
      "createdAt": "2025-10-04T14:18:45.325Z",
      "__v": 0
    },
    {
      "_id": "68e12ccaff80d0d203ba4922",
      "sender": "686276c831a7906c7c643684",
      "receiver": "Ground Floor",
      "content": "hello",
      "senderType": "user",
      "floor": "Ground Floor",
      "read": false,
      "createdAt": "2025-10-04T14:18:50.522Z",
      "__v": 0
    },
    {
      "_id": "68e12ced6f6466452b37f781",
      "sender": "686276c831a7906c7c643684",
      "receiver": "Second Floor",
      "content": "heello",
      "senderType": "user",
      "floor": "Second Floor",
      "read": false,
      "createdAt": "2025-10-04T14:19:25.364Z",
      "__v": 0
    },
    {
      "_id": "68e16113290d8d9f9bf73c0a",
      "sender": "68d51d9892e41aa3b1a34e45",
      "receiver": "686276c831a7906c7c643684",
      "content": "meow",
      "senderType": "staff",
      "floor": "Ground Floor",
      "displayName": "Ground Floor Staff",
      "read": false,
      "createdAt": "2025-10-04T18:01:55.389Z",
      "__v": 0
    },
    {
      "_id": "68e166a6abc92214a25ae783",
      "sender": "686276c831a7906c7c643684",
      "receiver": "admin",
      "content": "miss ko na sya",
      "senderType": "user",
      "read": false,
      "createdAt": "2025-10-04T18:25:42.479Z",
      "__v": 0
    },
    {
      "_id": "68e23839d4ec7f7f03a504ec",
      "sender": "68d51d9892e41aa3b1a34e45",
      "receiver": "686276c831a7906c7c643684",
      "content": "hi",
      "senderType": "staff",
      "floor": "Ground Floor",
      "displayName": "Ground Floor Staff",
      "read": false,
      "createdAt": "2025-10-05T09:19:53.573Z",
      "__v": 0
    },
    {
      "_id": "68e23851d4ec7f7f03a50537",
      "sender": "686276c831a7906c7c643684",
      "receiver": "Ground Floor",
      "content": "miss mo ba sya?",
      "senderType": "user",
      "floor": "Ground Floor",
      "read": false,
      "createdAt": "2025-10-05T09:20:17.580Z",
      "__v": 0
    },
    {
      "_id": "68e23857d4ec7f7f03a50545",
      "sender": "68d51d9892e41aa3b1a34e45",
      "receiver": "686276c831a7906c7c643684",
      "content": "Omsem",
      "senderType": "staff",
      "floor": "Ground Floor",
      "displayName": "Ground Floor Staff",
      "read": false,
      "createdAt": "2025-10-05T09:20:23.241Z",
      "__v": 0
    }
  ]
}