{
  "collection": "news",
  "count": 9,
  "timestamp": "2025-10-10T09:31:36.475Z",
  "data": [
    {
      "_id": "68cbdaa50acc0825df7f23c0",
      "title": "testing",
      "content": "testing",
      "image": "https://res.cloudinary.com/ddrccdhms/image/upload/v1758190245/news_images/u0iv5qjsptisxci8otfx.png",
      "archived": false,
      "createdAt": "2025-09-18T10:10:45.715Z",
      "updatedAt": "2025-09-18T10:10:45.715Z",
      "__v": 0
    },
    {
      "_id": "68cbdb6b0acc0825df7f23c9",
      "title": "CUTIE YELAN SO PRETTY SO MUCHIE",
      "content": "YELAN PRETTY PRETTY!!!!!!",
      "image": "https://res.cloudinary.com/ddrccdhms/image/upload/v1758190442/news_images/mmo7epsgnwixncgcziha.png",
      "archived": false,
      "createdAt": "2025-09-18T10:14:03.452Z",
      "updatedAt": "2025-09-18T11:45:40.820Z",
      "__v": 0
    },
    {
      "_id": "68cbee8e8b57ee54e999ccaf",
      "title": "testing2",
      "content": "testing2",
      "image": "https://res.cloudinary.com/ddrccdhms/image/upload/v1758195341/news_images/afd3pfxpjkempglnyiaz.png",
      "archived": false,
      "createdAt": "2025-09-18T11:35:42.406Z",
      "updatedAt": "2025-09-18T11:35:42.406Z",
      "__v": 0
    },
    {
      "_id": "68d0201ace44cfb9aef45e75",
      "title": "testing",
      "content": "CUTIE CITLALI",
      "image": "https://res.cloudinary.com/ddrccdhms/image/upload/v1758470170/news_images/sy406uryacubapdwp94u.png",
      "archived": false,
      "createdAt": "2025-09-21T15:56:10.407Z",
      "updatedAt": "2025-09-21T15:56:10.407Z",
      "__v": 0
    },
    {
      "_id": "68dbf7049745ebea7be59486",
      "title": "Grandma",
      "content": "Everyone, see my grandma -Renn",
      "image": "https://res.cloudinary.com/ddrccdhms/image/upload/v1759246084/news_images/p5plpgtsw1xmeiuogj9m.png",
      "archived": false,
      "createdAt": "2025-09-30T15:28:04.751Z",
      "updatedAt": "2025-09-30T15:28:04.751Z",
      "__v": 0
    },
    {
      "_id": "68de88ebe4a0ca77707e8ab5",
      "title": "USA FLD LOGO",
      "content": "WALA KLASE MAY SEMINAR BWASSSSS",
      "image": "https://res.cloudinary.com/ddrccdhms/image/upload/v1759414507/news_images/tawic8uied01hqhzjqtc.png",
      "archived": true,
      "createdAt": "2025-10-02T14:15:07.861Z",
      "updatedAt": "2025-10-10T08:02:57.469Z",
      "__v": 0
    },
    {
      "_id": "68de88ede4a0ca77707e8ab8",
      "title": "USA FLD LOGO",
      "content": "WALA KLASE MAY SEMINAR BWASSSSS",
      "image": "https://res.cloudinary.com/ddrccdhms/image/upload/v1759414508/news_images/p3og3u5jwleb9kn0vd9j.png",
      "archived": false,
      "createdAt": "2025-10-02T14:15:09.614Z",
      "updatedAt": "2025-10-02T14:15:09.614Z",
      "__v": 0
    },
    {
      "_id": "68de8f6ae4a0ca77707ea853",
      "title": "ANNOUNCEMENT!!!",
      "content": "We are having an event in 2nd floor so sirado subong ang 2nd floor bawal mag kadto diri, okay ah",
      "image": null,
      "archived": true,
      "createdAt": "2025-10-02T14:42:50.591Z",
      "updatedAt": "2025-10-05T09:02:42.871Z",
      "__v": 0
    },
    {
      "_id": "68e139a62c7659280462c81a",
      "title": "GOOD NEWS",
      "content": "C3 YELAN KO",
      "image": "https://res.cloudinary.com/ddrccdhms/image/upload/v1759590820/news_images/mqxqlpbygtuan5qbcvxt.png",
      "archived": false,
      "createdAt": "2025-10-04T15:13:42.407Z",
      "updatedAt": "2025-10-04T15:13:42.407Z",
      "__v": 0
    }
  ]
}