{
  "collection": "notifications",
  "count": 203,
  "timestamp": "2025-10-10T09:31:37.092Z",
  "data": [
    {
      "_id": "68cc25f8d15c403f60cbfaf8",
      "userId": null,
      "reservationId": null,
      "reportId": "68cc25f8d15c403f60cbfaf6",
      "message": "Stephen P. Madero Jr. submitted a Maintenance report for 2nd Floor - Discussion Room",
      "status": "New",
      "type": "report",
      "isRead": false,
      "dismissed": false,
      "createdAt": "2025-09-18T15:32:08.761Z",
      "updatedAt": "2025-09-18T15:32:08.761Z",
      "__v": 0
    },
    {
      "_id": "68cc26e7d15c403f60cbfb14",
      "userId": null,
      "reservationId": null,
      "reportId": "68cc26e7d15c403f60cbfb12",
      "message": "Stephen P. Madero Jr. submitted a Equipment report for 2nd Floor - Discussion Room",
      "status": "New",
      "type": "report",
      "isRead": false,
      "dismissed": false,
      "createdAt": "2025-09-18T15:36:07.711Z",
      "updatedAt": "2025-09-18T15:36:07.711Z",
      "__v": 0
    },
    {
      "_id": "68cc2781d15c403f60cbfb25",
      "userId": null,
      "reservationId": null,
      "reportId": "68cc2781d15c403f60cbfb23",
      "message": "Stephen P. Madero Jr. submitted a Maintenance report for 2nd Floor - Discussion Room",
      "status": "New",
      "type": "report",
      "isRead": false,
      "dismissed": false,
      "createdAt": "2025-09-18T15:38:41.256Z",
      "updatedAt": "2025-09-18T15:38:41.256Z",
      "__v": 0
    },
    {
      "_id": "68cea587f8eff984fc3c5030",
      "userId": "686276c831a7906c7c643684",
      "reservationId": "68cea586f8eff984fc3c502a",
      "reportId": null,
      "message": "Your reservation for Discussion Room on 2025-09-21 is pending approval.",
      "status": "Pending",
      "type": "system",
      "isRead": true,
      "dismissed": false,
      "createdAt": "2025-09-20T13:00:55.058Z",
      "updatedAt": "2025-09-21T12:58:21.612Z",
      "__v": 0
    },
    {
      "_id": "68cea68e56587e0a60458488",
      "userId": "686276c831a7906c7c643684",
      "reservationId": "68cea68e56587e0a60458482",
      "reportId": null,
      "message": "Your reservation for Discussion Room on 2025-09-25 is pending approval.",
      "status": "Pending",
      "type": "system",
      "isRead": true,
      "dismissed": false,
      "createdAt": "2025-09-20T13:05:18.912Z",
      "updatedAt": "2025-09-21T12:58:21.612Z",
      "__v": 0
    },
    {
      "_id": "68cea74234dec12ec8a6dfb9",
      "userId": "686276c831a7906c7c643684",
      "reservationId": "68cea68e56587e0a60458482",
      "reportId": null,
      "message": "Your reservation for Discussion Room has been rejected.",
      "status": "Rejected",
      "type": "system",
      "isRead": true,
      "dismissed": false,
      "createdAt": "2025-09-20T13:08:18.399Z",
      "updatedAt": "2025-09-21T12:58:21.612Z",
      "__v": 0
    },
    {
      "_id": "68cea76a34dec12ec8a6e18a",
      "userId": "686276c831a7906c7c643684",
      "reservationId": "68cea76a34dec12ec8a6e184",
      "reportId": null,
      "message": "Your reservation for Collaboration Room on 2025-09-25 is pending approval.",
      "status": "Pending",
      "type": "system",
      "isRead": true,
      "dismissed": false,
      "createdAt": "2025-09-20T13:08:58.627Z",
      "updatedAt": "2025-09-21T12:58:21.612Z",
      "__v": 0
    },
    {
      "_id": "68cea887c2edff47ed9fb758",
      "userId": "686276c831a7906c7c643684",
      "reservationId": "68cea76a34dec12ec8a6e184",
      "reportId": null,
      "message": "Your reservation for Collaboration Room has been rejected.",
      "status": "Rejected",
      "type": "system",
      "isRead": true,
      "dismissed": false,
      "createdAt": "2025-09-20T13:13:43.748Z",
      "updatedAt": "2025-09-21T12:58:21.612Z",
      "__v": 0
    },
    {
      "_id": "68cea8b2c2edff47ed9fb88d",
      "userId": "686276c831a7906c7c643684",
      "reservationId": "68cea8b2c2edff47ed9fb887",
      "reportId": null,
      "message": "Your reservation for Collaboration Room on 2025-09-22 is pending approval.",
      "status": "Pending",
      "type": "system",
      "isRead": true,
      "dismissed": false,
      "createdAt": "2025-09-20T13:14:26.150Z",
      "updatedAt": "2025-09-21T12:58:21.612Z",
      "__v": 0
    },
    {
      "_id": "68ceaac1dd8df68954ed2499",
      "userId": "686276c831a7906c7c643684",
      "reservationId": "68cea8b2c2edff47ed9fb887",
      "reportId": null,
      "message": "Your reservation for Collaboration Room has been rejected.",
      "status": "Rejected",
      "type": "system",
      "isRead": true,
      "dismissed": false,
      "createdAt": "2025-09-20T13:23:13.625Z",
      "updatedAt": "2025-09-21T12:58:21.612Z",
      "__v": 0
    },
    {
      "_id": "68ceab0add8df68954ed275d",
      "userId": "686276c831a7906c7c643684",
      "reservationId": "68ceab0add8df68954ed2757",
      "reportId": null,
      "message": "Your reservation for Collaboration Room on 2025-09-22 is pending approval.",
      "status": "Pending",
      "type": "system",
      "isRead": true,
      "dismissed": false,
      "createdAt": "2025-09-20T13:24:26.375Z",
      "updatedAt": "2025-09-21T12:58:21.612Z",
      "__v": 0
    },
    {
      "_id": "68ceb069241c1c9f82833ea7",
      "userId": "686276c831a7906c7c643684",
      "reservationId": "68ceab0add8df68954ed2757",
      "reportId": null,
      "message": "Your reservation for Collaboration Room has been rejected.",
      "status": "Rejected",
      "type": "system",
      "isRead": true,
      "dismissed": false,
      "createdAt": "2025-09-20T13:47:21.875Z",
      "updatedAt": "2025-09-21T12:58:21.612Z",
      "__v": 0
    },
    {
      "_id": "68ceb1f6f18b5f45e7744f29",
      "userId": "686276c831a7906c7c643684",
      "reservationId": "68ceb1f6f18b5f45e7744f23",
      "reportId": null,
      "message": "Your reservation for Collaboration Room on 2025-09-29 is pending approval.",
      "status": "Pending",
      "type": "system",
      "isRead": true,
      "dismissed": false,
      "createdAt": "2025-09-20T13:53:58.158Z",
      "updatedAt": "2025-09-21T12:58:21.612Z",
      "__v": 0
    },
    {
      "_id": "68ceb227f18b5f45e7744f8c",
      "userId": "686276c831a7906c7c643684",
      "reservationId": "68ceb1f6f18b5f45e7744f23",
      "reportId": null,
      "message": "Your reservation for Collaboration Room has been approved.",
      "status": "Approved",
      "type": "system",
      "isRead": true,
      "dismissed": false,
      "createdAt": "2025-09-20T13:54:47.553Z",
      "updatedAt": "2025-09-21T12:58:21.612Z",
      "__v": 0
    },
    {
      "_id": "68cf954c57df221f9e38f5ed",
      "userId": "686276c831a7906c7c643684",
      "reservationId": null,
      "reportId": null,
      "message": "Your account has been unverified by the admin. Please contact support if this is a mistake.",
      "status": "New",
      "type": "system",
      "isRead": true,
      "dismissed": false,
      "createdAt": "2025-09-21T06:03:56.589Z",
      "updatedAt": "2025-09-21T12:58:21.612Z",
      "__v": 0
    },
    {
      "_id": "68cf95a857df221f9e38f78d",
      "userId": "686276c831a7906c7c643684",
      "reservationId": null,
      "reportId": null,
      "message": "Your account has been verified by the admin. You now have full access.",
      "status": "New",
      "type": "system",
      "isRead": true,
      "dismissed": false,
      "createdAt": "2025-09-21T06:05:28.618Z",
      "updatedAt": "2025-09-21T12:58:21.612Z",
      "__v": 0
    },
    {
      "_id": "68cf9ac84bfecb398255315d",
      "userId": "686276c831a7906c7c643684",
      "reservationId": null,
      "reportId": null,
      "message": "Your account has been verified.",
      "status": "New",
      "type": "system",
      "isRead": true,
      "dismissed": false,
      "createdAt": "2025-09-21T06:27:20.083Z",
      "updatedAt": "2025-09-21T12:58:21.612Z",
      "__v": 0
    },
    {
      "_id": "68cf9d1edb429772cb1ebb51",
      "userId": "686276c831a7906c7c643684",
      "reservationId": null,
      "reportId": null,
      "message": "Your account has been unverified. Please contact support if this is a mistake.",
      "status": "New",
      "type": "user",
      "isRead": true,
      "dismissed": false,
      "createdAt": "2025-09-21T06:37:18.990Z",
      "updatedAt": "2025-09-21T12:58:21.612Z",
      "__v": 0
    },
    {
      "_id": "68cfa4741f3a9adfc08f35bc",
      "userId": "686276c831a7906c7c643684",
      "reservationId": null,
      "reportId": null,
      "message": "Your account has been unverified by the admin. Please contact support if this is a mistake.",
      "status": "New",
      "type": "system",
      "isRead": true,
      "dismissed": false,
      "createdAt": "2025-09-21T07:08:36.158Z",
      "updatedAt": "2025-09-21T12:58:21.612Z",
      "__v": 0
    },
    {
      "_id": "68cfa47a1f3a9adfc08f35c5",
      "userId": "686276c831a7906c7c643684",
      "reservationId": null,
      "reportId": null,
      "message": "Your account has been verified by the admin. You now have full access.",
      "status": "New",
      "type": "system",
      "isRead": true,
      "dismissed": false,
      "createdAt": "2025-09-21T07:08:42.811Z",
      "updatedAt": "2025-09-21T12:58:21.612Z",
      "__v": 0
    },
    {
      "_id": "68cfa4c0b77470adcf83a248",
      "userId": "686276c831a7906c7c643684",
      "reservationId": null,
      "reportId": null,
      "message": "Your account has been unverified by the admin. Please contact support if this is a mistake.",
      "status": "New",
      "type": "system",
      "isRead": true,
      "dismissed": false,
      "createdAt": "2025-09-21T07:09:52.046Z",
      "updatedAt": "2025-09-21T12:58:21.612Z",
      "__v": 0
    },
    {
      "_id": "68cfa50f95dc03f1ffe54693",
      "userId": "686276c831a7906c7c643684",
      "reservationId": null,
      "reportId": null,
      "message": "Your account has been verified by the admin. You now have full access.",
      "status": "New",
      "type": "system",
      "isRead": true,
      "dismissed": false,
      "createdAt": "2025-09-21T07:11:11.780Z",
      "updatedAt": "2025-09-21T12:58:21.612Z",
      "__v": 0
    },
    {
      "_id": "68cfa7d87d1bd66040e284a4",
      "userId": "686276c831a7906c7c643684",
      "reservationId": "68cea586f8eff984fc3c502a",
      "reportId": null,
      "message": "Your reservation for Discussion Room has been rejected.",
      "status": "Rejected",
      "type": "system",
      "isRead": true,
      "dismissed": false,
      "createdAt": "2025-09-21T07:23:04.861Z",
      "updatedAt": "2025-09-21T12:58:21.612Z",
      "__v": 0
    },
    {
      "_id": "68cfa8127d1bd66040e285e3",
      "userId": "686276c831a7906c7c643684",
      "reservationId": "68cfa8117d1bd66040e285dd",
      "reportId": null,
      "message": "Your reservation for Collaboration Room on 2025-09-21 is pending approval.",
      "status": "Pending",
      "type": "system",
      "isRead": true,
      "dismissed": false,
      "createdAt": "2025-09-21T07:24:02.060Z",
      "updatedAt": "2025-09-21T12:58:21.612Z",
      "__v": 0
    },
    {
      "_id": "68cfaa99e711d7bc5a63947e",
      "userId": "686276c831a7906c7c643684",
      "reservationId": "68cfa8117d1bd66040e285dd",
      "reportId": null,
      "message": "Your reservation for Collaboration Room has been rejected.",
      "status": "Rejected",
      "type": "system",
      "isRead": true,
      "dismissed": false,
      "createdAt": "2025-09-21T07:34:49.774Z",
      "updatedAt": "2025-09-21T12:58:21.612Z",
      "__v": 0
    },
    {
      "_id": "68cfabf28031261361570bf3",
      "userId": "686276c831a7906c7c643684",
      "reservationId": "68cfabf28031261361570bed",
      "reportId": null,
      "message": "Your reservation for Collaboration Room on 2025-09-21 is pending approval.",
      "status": "Pending",
      "type": "system",
      "isRead": true,
      "dismissed": false,
      "createdAt": "2025-09-21T07:40:34.972Z",
      "updatedAt": "2025-09-21T12:58:21.612Z",
      "__v": 0
    },
    {
      "_id": "68cfaca39a367ff28bf70808",
      "userId": "686276c831a7906c7c643684",
      "reservationId": "68cfaca39a367ff28bf70802",
      "reportId": null,
      "message": "Your reservation for Collaboration Room on 2025-09-23 is pending approval.",
      "status": "Pending",
      "type": "reservation",
      "isRead": true,
      "dismissed": false,
      "createdAt": "2025-09-21T07:43:31.397Z",
      "updatedAt": "2025-09-21T12:58:21.612Z",
      "__v": 0
    },
    {
      "_id": "68cfae84324d4b9c56162107",
      "userId": "686276c831a7906c7c643684",
      "reservationId": "68cfae84324d4b9c56162101",
      "reportId": null,
      "message": "Your reservation for Collaboration Room on 2025-09-29 is pending approval.",
      "status": "Pending",
      "type": "reservation",
      "isRead": true,
      "dismissed": false,
      "createdAt": "2025-09-21T07:51:32.539Z",
      "updatedAt": "2025-09-21T12:58:21.612Z",
      "__v": 0
    },
    {
      "_id": "68cfaffd38745bbd9ad605f6",
      "userId": "686276c831a7906c7c643684",
      "reservationId": "68cfabf28031261361570bed",
      "reportId": null,
      "message": "Your reservation for Collaboration Room has been rejected.",
      "status": "Rejected",
      "type": "system",
      "isRead": true,
      "dismissed": false,
      "createdAt": "2025-09-21T07:57:49.659Z",
      "updatedAt": "2025-09-21T12:58:21.612Z",
      "__v": 0
    },
    {
      "_id": "68cfb01138745bbd9ad60626",
      "userId": "686276c831a7906c7c643684",
      "reservationId": "68cfb01138745bbd9ad60620",
      "reportId": null,
      "message": "Your reservation for Collaboration Room on 2025-09-22 is pending approval.",
      "status": "Pending",
      "type": "reservation",
      "isRead": true,
      "dismissed": false,
      "createdAt": "2025-09-21T07:58:09.714Z",
      "updatedAt": "2025-09-21T12:58:21.612Z",
      "__v": 0
    },
    {
      "_id": "68cfb17fc3e78b672c316e95",
      "userId": "686276c831a7906c7c643684",
      "reservationId": "68cfb01138745bbd9ad60620",
      "reportId": null,
      "message": "Your reservation for Collaboration Room has been rejected.",
      "status": "Rejected",
      "type": "system",
      "isRead": true,
      "dismissed": false,
      "createdAt": "2025-09-21T08:04:15.918Z",
      "updatedAt": "2025-09-21T12:58:21.612Z",
      "__v": 0
    },
    {
      "_id": "68cfb197c3e78b672c316eba",
      "userId": "686276c831a7906c7c643684",
      "reservationId": "68cfae84324d4b9c56162101",
      "reportId": null,
      "message": "Your reservation for Collaboration Room has been rejected.",
      "status": "Rejected",
      "type": "system",
      "isRead": true,
      "dismissed": false,
      "createdAt": "2025-09-21T08:04:39.438Z",
      "updatedAt": "2025-09-21T12:58:21.612Z",
      "__v": 0
    },
    {
      "_id": "68cfb1aac3e78b672c316ed8",
      "userId": "686276c831a7906c7c643684",
      "reservationId": "68cfaca39a367ff28bf70802",
      "reportId": null,
      "message": "Your reservation for Collaboration Room has been rejected.",
      "status": "Rejected",
      "type": "system",
      "isRead": true,
      "dismissed": false,
      "createdAt": "2025-09-21T08:04:58.351Z",
      "updatedAt": "2025-09-21T12:58:21.612Z",
      "__v": 0
    },
    {
      "_id": "68cfb1bfc3e78b672c316f04",
      "userId": "686276c831a7906c7c643684",
      "reservationId": "68cfb1bfc3e78b672c316efe",
      "reportId": null,
      "message": "Your reservation for Collaboration Room on 2025-09-23 is pending approval.",
      "status": "Pending",
      "type": "reservation",
      "isRead": true,
      "dismissed": false,
      "createdAt": "2025-09-21T08:05:19.302Z",
      "updatedAt": "2025-09-21T12:58:21.612Z",
      "__v": 0
    },
    {
      "_id": "68cfb2039dd1d7ad6d3f6e0d",
      "userId": "686276c831a7906c7c643684",
      "reservationId": "68cfb1bfc3e78b672c316efe",
      "reportId": null,
      "message": "Your reservation for Collaboration Room has been rejected.",
      "status": "Rejected",
      "type": "system",
      "isRead": true,
      "dismissed": false,
      "createdAt": "2025-09-21T08:06:27.668Z",
      "updatedAt": "2025-09-21T12:58:21.612Z",
      "__v": 0
    },
    {
      "_id": "68cfb21d9dd1d7ad6d3f6e3d",
      "userId": "686276c831a7906c7c643684",
      "reservationId": "68cfb21d9dd1d7ad6d3f6e37",
      "reportId": null,
      "message": "Your reservation for Collaboration Room on 2025-09-23 is pending approval.",
      "status": "Pending",
      "type": "reservation",
      "isRead": true,
      "dismissed": false,
      "createdAt": "2025-09-21T08:06:53.800Z",
      "updatedAt": "2025-09-21T12:58:21.612Z",
      "__v": 0
    },
    {
      "_id": "68cfb21d9dd1d7ad6d3f6e40",
      "reservationId": "68cfb21d9dd1d7ad6d3f6e37",
      "reportId": null,
      "message": "📅 New reservation request by Stephen P. Madero Jr. for Collaboration Room on 2025-09-23.",
      "status": "New",
      "type": "reservation",
      "isRead": false,
      "dismissed": false,
      "__v": 0,
      "createdAt": "2025-09-21T08:06:53.941Z",
      "updatedAt": "2025-09-21T08:06:53.941Z"
    },
    {
      "_id": "68cffbf1683ef3ad69d5ffcf",
      "userId": "686276c831a7906c7c643684",
      "reservationId": null,
      "reportId": null,
      "message": "Your account has been unverified by the admin. Please contact support if this is a mistake.",
      "status": "New",
      "type": "system",
      "isRead": true,
      "dismissed": false,
      "createdAt": "2025-09-21T13:21:53.599Z",
      "updatedAt": "2025-09-27T09:25:25.330Z",
      "__v": 0
    },
    {
      "_id": "68cffe14683ef3ad69d60304",
      "userId": "686276c831a7906c7c643684",
      "reservationId": null,
      "reportId": null,
      "message": "Your account has been verified by the admin. You now have full access.",
      "status": "New",
      "type": "system",
      "isRead": true,
      "dismissed": false,
      "createdAt": "2025-09-21T13:31:00.645Z",
      "updatedAt": "2025-09-27T09:25:25.330Z",
      "__v": 0
    },
    {
      "_id": "68d0056a8bada8b165e19a16",
      "userId": "686276c831a7906c7c643684",
      "reservationId": "68d0056a8bada8b165e19a10",
      "reportId": null,
      "message": "Your reservation for Collaboration Room on 2025-09-24 is pending approval.",
      "status": "Pending",
      "type": "reservation",
      "isRead": true,
      "dismissed": false,
      "createdAt": "2025-09-21T14:02:18.355Z",
      "updatedAt": "2025-09-27T09:25:25.330Z",
      "__v": 0
    },
    {
      "_id": "68d0056a8bada8b165e19a19",
      "reservationId": "68d0056a8bada8b165e19a10",
      "reportId": null,
      "message": "📅 New reservation request by Stephen P. Madero Jr. for Collaboration Room on 2025-09-24.",
      "status": "New",
      "type": "reservation",
      "isRead": false,
      "dismissed": false,
      "__v": 0,
      "createdAt": "2025-09-21T14:02:18.503Z",
      "updatedAt": "2025-09-21T14:02:18.503Z"
    },
    {
      "_id": "68d0058d8bada8b165e19b1a",
      "userId": "686276c831a7906c7c643684",
      "reservationId": "68d0056a8bada8b165e19a10",
      "reportId": null,
      "message": "Your reservation for Collaboration Room has been approved.",
      "status": "Approved",
      "type": "system",
      "isRead": true,
      "dismissed": false,
      "createdAt": "2025-09-21T14:02:53.794Z",
      "updatedAt": "2025-09-27T09:25:25.330Z",
      "__v": 0
    },
    {
      "_id": "68d020b71453f08552657a86",
      "userId": "686aa7d65134212deed2a709",
      "reservationId": "68d020b71453f08552657a80",
      "reportId": null,
      "message": "Your reservation for Discussion Room on 2025-09-22 is pending approval.",
      "status": "Pending",
      "type": "reservation",
      "isRead": true,
      "dismissed": false,
      "createdAt": "2025-09-21T15:58:47.972Z",
      "updatedAt": "2025-09-24T14:58:21.190Z",
      "__v": 0
    },
    {
      "_id": "68d020b81453f08552657a89",
      "reservationId": "68d020b71453f08552657a80",
      "reportId": null,
      "message": "📅 New reservation request by Louis Miguel Parreno for Discussion Room on 2025-09-22.",
      "status": "New",
      "type": "reservation",
      "isRead": false,
      "dismissed": false,
      "__v": 0,
      "createdAt": "2025-09-21T15:58:48.089Z",
      "updatedAt": "2025-09-21T15:58:48.089Z"
    },
    {
      "_id": "68d02108ce44cfb9aef45ec5",
      "userId": "686aa7d65134212deed2a709",
      "reservationId": "68d020b71453f08552657a80",
      "reportId": null,
      "message": "Your reservation for Discussion Room has been approved.",
      "status": "Approved",
      "type": "system",
      "isRead": true,
      "dismissed": false,
      "createdAt": "2025-09-21T16:00:08.727Z",
      "updatedAt": "2025-09-24T14:58:21.190Z",
      "__v": 0
    },
    {
      "_id": "68d022041453f085526582c7",
      "userId": "686aa7d65134212deed2a709",
      "reservationId": "68d022041453f085526582c1",
      "reportId": null,
      "message": "Your reservation for Discussion Room on 2025-09-22 is pending approval.",
      "status": "Pending",
      "type": "reservation",
      "isRead": true,
      "dismissed": false,
      "createdAt": "2025-09-21T16:04:20.232Z",
      "updatedAt": "2025-09-24T14:58:21.190Z",
      "__v": 0
    },
    {
      "_id": "68d022041453f085526582ca",
      "reservationId": "68d022041453f085526582c1",
      "reportId": null,
      "message": "📅 New reservation request by Louis Miguel Parreno for Discussion Room on 2025-09-22.",
      "status": "New",
      "type": "reservation",
      "isRead": false,
      "dismissed": false,
      "__v": 0,
      "createdAt": "2025-09-21T16:04:20.346Z",
      "updatedAt": "2025-09-21T16:04:20.346Z"
    },
    {
      "_id": "68d02219ce44cfb9aef45f8f",
      "userId": "686aa7d65134212deed2a709",
      "reservationId": "68d022041453f085526582c1",
      "reportId": null,
      "message": "Your reservation for Discussion Room has been approved.",
      "status": "Approved",
      "type": "system",
      "isRead": true,
      "dismissed": false,
      "createdAt": "2025-09-21T16:04:41.229Z",
      "updatedAt": "2025-09-24T14:58:21.190Z",
      "__v": 0
    },
    {
      "_id": "68d022e81453f085526589c3",
      "userId": "6859f263ab432956b1c1b617",
      "reservationId": "68d022e81453f085526589bd",
      "reportId": null,
      "message": "Your reservation for Discussion Room on 2025-09-22 is pending approval.",
      "status": "Pending",
      "type": "reservation",
      "isRead": false,
      "dismissed": false,
      "createdAt": "2025-09-21T16:08:08.905Z",
      "updatedAt": "2025-09-21T16:08:08.905Z",
      "__v": 0
    },
    {
      "_id": "68d022e91453f085526589c6",
      "reservationId": "68d022e81453f085526589bd",
      "reportId": null,
      "message": "📅 New reservation request by Suheila Belle Morales for Discussion Room on 2025-09-22.",
      "status": "New",
      "type": "reservation",
      "isRead": false,
      "dismissed": false,
      "__v": 0,
      "createdAt": "2025-09-21T16:08:09.016Z",
      "updatedAt": "2025-09-21T16:08:09.016Z"
    },
    {
      "_id": "68d0240cce44cfb9aef46059",
      "userId": "6859f263ab432956b1c1b617",
      "reservationId": null,
      "reportId": null,
      "message": "Your account is not verified. Please contact support if you believe this is an error.",
      "status": "New",
      "type": "system",
      "isRead": false,
      "dismissed": false,
      "createdAt": "2025-09-21T16:13:00.482Z",
      "updatedAt": "2025-09-21T16:13:00.482Z",
      "__v": 0
    },
    {
      "_id": "68d02419ce44cfb9aef4605e",
      "userId": "6859f263ab432956b1c1b617",
      "reservationId": null,
      "reportId": null,
      "message": "Your account is now verified.",
      "status": "New",
      "type": "system",
      "isRead": false,
      "dismissed": false,
      "createdAt": "2025-09-21T16:13:13.962Z",
      "updatedAt": "2025-09-21T16:13:13.962Z",
      "__v": 0
    },
    {
      "_id": "68d3f05a16ec249afd7cb6c1",
      "userId": "686276c831a7906c7c643684",
      "reservationId": "68cfb21d9dd1d7ad6d3f6e37",
      "reportId": null,
      "message": "Your reservation for Collaboration Room has been approved.",
      "status": "Approved",
      "type": "system",
      "isRead": true,
      "dismissed": false,
      "createdAt": "2025-09-24T13:21:30.323Z",
      "updatedAt": "2025-09-27T09:25:25.330Z",
      "__v": 0
    },
    {
      "_id": "68d40606e4805b7f84d72fba",
      "userId": "686aa7d65134212deed2a709",
      "reservationId": "68d40606e4805b7f84d72fb4",
      "reportId": null,
      "message": "Your reservation for Discussion Room on 2025-09-25 is pending approval.",
      "status": "Pending",
      "type": "reservation",
      "isRead": true,
      "dismissed": false,
      "createdAt": "2025-09-24T14:53:58.686Z",
      "updatedAt": "2025-09-24T14:58:21.190Z",
      "__v": 0
    },
    {
      "_id": "68d40606e4805b7f84d72fbd",
      "reservationId": "68d40606e4805b7f84d72fb4",
      "reportId": null,
      "message": "📅 New reservation request by Louis Miguel Parreno for Discussion Room on 2025-09-25.",
      "status": "New",
      "type": "reservation",
      "isRead": false,
      "dismissed": false,
      "__v": 0,
      "createdAt": "2025-09-24T14:53:58.809Z",
      "updatedAt": "2025-09-24T14:53:58.809Z"
    },
    {
      "_id": "68d406d52ca37a9dd04c4f87",
      "userId": "686aa7d65134212deed2a709",
      "reservationId": "68d40606e4805b7f84d72fb4",
      "reportId": null,
      "message": "Your reservation for Discussion Room has been approved.",
      "status": "Approved",
      "type": "system",
      "isRead": true,
      "dismissed": false,
      "createdAt": "2025-09-24T14:57:25.253Z",
      "updatedAt": "2025-09-24T14:58:21.190Z",
      "__v": 0
    },
    {
      "_id": "68d41c272bc628ef122e736c",
      "userId": "686276c831a7906c7c643684",
      "reservationId": "68d41c272bc628ef122e7366",
      "reportId": null,
      "message": "Your reservation for Discussion Room on 2025-09-27 is pending approval.",
      "status": "Pending",
      "type": "reservation",
      "isRead": true,
      "dismissed": false,
      "createdAt": "2025-09-24T16:28:23.621Z",
      "updatedAt": "2025-09-27T09:25:25.330Z",
      "__v": 0
    },
    {
      "_id": "68d41c272bc628ef122e736f",
      "reservationId": "68d41c272bc628ef122e7366",
      "reportId": null,
      "message": "📅 New reservation request by Stephen P. Madero Jr. for Discussion Room on 2025-09-27.",
      "status": "New",
      "type": "reservation",
      "isRead": false,
      "dismissed": false,
      "__v": 0,
      "createdAt": "2025-09-24T16:28:23.742Z",
      "updatedAt": "2025-09-24T16:28:23.742Z"
    },
    {
      "_id": "68d427a8e4805b7f84d73357",
      "userId": "686aa7d65134212deed2a709",
      "reservationId": "68d427a8e4805b7f84d73351",
      "reportId": null,
      "message": "Your reservation for Discussion Room on 2025-09-26 is pending approval.",
      "status": "Pending",
      "type": "reservation",
      "isRead": true,
      "dismissed": false,
      "createdAt": "2025-09-24T17:17:28.808Z",
      "updatedAt": "2025-09-24T17:18:43.359Z",
      "__v": 0
    },
    {
      "_id": "68d427a8e4805b7f84d7335a",
      "reservationId": "68d427a8e4805b7f84d73351",
      "reportId": null,
      "message": "📅 New reservation request by Louis Miguel Parreno for Discussion Room on 2025-09-26.",
      "status": "New",
      "type": "reservation",
      "isRead": false,
      "dismissed": false,
      "__v": 0,
      "createdAt": "2025-09-24T17:17:28.917Z",
      "updatedAt": "2025-09-24T17:17:28.917Z"
    },
    {
      "_id": "68d4f8d9e2f1a3c539c55b20",
      "userId": "686aa7d65134212deed2a709",
      "reservationId": "68d40606e4805b7f84d72fb4",
      "reportId": null,
      "message": "Your reservation for Discussion Room has ended.",
      "status": "Expired",
      "type": "reservation",
      "isRead": false,
      "dismissed": false,
      "createdAt": "2025-09-25T08:10:01.550Z",
      "updatedAt": "2025-09-25T08:10:01.550Z",
      "__v": 0
    },
    {
      "_id": "68d5344d276d190a4e71316b",
      "userId": "686aa7d65134212deed2a709",
      "reservationId": "68d5344d276d190a4e713165",
      "reportId": null,
      "message": "Your reservation for Discussion Room on 2025-09-29 is pending approval.",
      "status": "Pending",
      "type": "reservation",
      "isRead": false,
      "dismissed": false,
      "createdAt": "2025-09-25T12:23:41.892Z",
      "updatedAt": "2025-09-25T12:23:41.892Z",
      "__v": 0
    },
    {
      "_id": "68d5344e276d190a4e71316e",
      "reservationId": "68d5344d276d190a4e713165",
      "reportId": null,
      "message": "📅 New reservation request by Louis Miguel Parreno for Discussion Room on 2025-09-29.",
      "status": "New",
      "type": "reservation",
      "isRead": false,
      "dismissed": false,
      "__v": 0,
      "createdAt": "2025-09-25T12:23:42.005Z",
      "updatedAt": "2025-09-25T12:23:42.005Z"
    },
    {
      "_id": "68d53583276d190a4e7134b4",
      "userId": "686aa7d65134212deed2a709",
      "reservationId": "68d53583276d190a4e7134ae",
      "reportId": null,
      "message": "Your reservation for Discussion Room on 2025-09-30 is pending approval.",
      "status": "Pending",
      "type": "reservation",
      "isRead": false,
      "dismissed": false,
      "createdAt": "2025-09-25T12:28:51.517Z",
      "updatedAt": "2025-09-25T12:28:51.517Z",
      "__v": 0
    },
    {
      "_id": "68d53583276d190a4e7134b7",
      "reservationId": "68d53583276d190a4e7134ae",
      "reportId": null,
      "message": "📅 New reservation request by Louis Miguel Parreno for Discussion Room on 2025-09-30.",
      "status": "New",
      "type": "reservation",
      "isRead": false,
      "dismissed": false,
      "__v": 0,
      "createdAt": "2025-09-25T12:28:51.627Z",
      "updatedAt": "2025-09-25T12:28:51.627Z"
    },
    {
      "_id": "68d54ad252a4f53c692cf28c",
      "userId": "686aa7d65134212deed2a709",
      "reservationId": "68d53583276d190a4e7134ae",
      "reportId": null,
      "message": "Your reservation for Discussion Room has been approved.",
      "status": "Approved",
      "type": "system",
      "isRead": false,
      "dismissed": false,
      "createdAt": "2025-09-25T13:59:46.077Z",
      "updatedAt": "2025-09-25T13:59:46.077Z",
      "__v": 0
    },
    {
      "_id": "68d62730d87c7ef31f02c84f",
      "userId": "686aa7d65134212deed2a709",
      "reservationId": "68d427a8e4805b7f84d73351",
      "reportId": null,
      "message": "Your reservation for Discussion Room has ended.",
      "status": "Expired",
      "type": "reservation",
      "isRead": false,
      "dismissed": false,
      "createdAt": "2025-09-26T05:40:00.346Z",
      "updatedAt": "2025-09-26T05:40:00.346Z",
      "__v": 0
    },
    {
      "_id": "68d7846889cdb0a5cd9b1f80",
      "userId": "686276c831a7906c7c643684",
      "reservationId": "68d41c272bc628ef122e7366",
      "reportId": null,
      "message": "Your reservation for Discussion Room has ended.",
      "status": "Expired",
      "type": "reservation",
      "isRead": true,
      "dismissed": false,
      "createdAt": "2025-09-27T06:30:00.282Z",
      "updatedAt": "2025-09-27T09:25:25.330Z",
      "__v": 0
    },
    {
      "_id": "68d8e39414f9dc65348e109e",
      "userId": "686cb58144bab8d2834576c4",
      "reservationId": null,
      "reportId": null,
      "message": "Your account has been suspended. Contact support for more information.",
      "status": "New",
      "type": "system",
      "isRead": false,
      "dismissed": false,
      "createdAt": "2025-09-28T07:28:20.632Z",
      "updatedAt": "2025-09-28T07:28:20.632Z",
      "__v": 0
    },
    {
      "_id": "68d8e39c14f9dc65348e10a7",
      "userId": "686cb58144bab8d2834576c4",
      "reservationId": null,
      "reportId": null,
      "message": "Your account has been restored. You may now log in.",
      "status": "New",
      "type": "system",
      "isRead": false,
      "dismissed": false,
      "createdAt": "2025-09-28T07:28:28.778Z",
      "updatedAt": "2025-09-28T07:28:28.778Z",
      "__v": 0
    },
    {
      "_id": "68d8e3a214f9dc65348e10b0",
      "userId": "686cb58144bab8d2834576c4",
      "reservationId": null,
      "reportId": null,
      "message": "Your account has been suspended. Contact support for more information.",
      "status": "New",
      "type": "system",
      "isRead": false,
      "dismissed": false,
      "createdAt": "2025-09-28T07:28:34.357Z",
      "updatedAt": "2025-09-28T07:28:34.357Z",
      "__v": 0
    },
    {
      "_id": "68d8e3a614f9dc65348e10b9",
      "userId": "686cb58144bab8d2834576c4",
      "reservationId": null,
      "reportId": null,
      "message": "Your account has been restored. You may now log in.",
      "status": "New",
      "type": "system",
      "isRead": false,
      "dismissed": false,
      "createdAt": "2025-09-28T07:28:38.762Z",
      "updatedAt": "2025-09-28T07:28:38.762Z",
      "__v": 0
    },
    {
      "_id": "68d8e4ecbdcf163e01c0f507",
      "userId": "68d64d05c6f76b8682f36ac0",
      "reservationId": null,
      "reportId": null,
      "message": "Your account has been suspended. Contact support for more information.",
      "status": "New",
      "type": "system",
      "isRead": false,
      "dismissed": false,
      "createdAt": "2025-09-28T07:34:04.094Z",
      "updatedAt": "2025-09-28T07:34:04.094Z",
      "__v": 0
    },
    {
      "_id": "68d8e4efbdcf163e01c0f50c",
      "userId": "68d64d05c6f76b8682f36ac0",
      "reservationId": null,
      "reportId": null,
      "message": "Your account has been restored. You may now log in.",
      "status": "New",
      "type": "system",
      "isRead": false,
      "dismissed": false,
      "createdAt": "2025-09-28T07:34:07.833Z",
      "updatedAt": "2025-09-28T07:34:07.833Z",
      "__v": 0
    },
    {
      "_id": "68d8e59fd031517f2e164ccb",
      "userId": "686276c831a7906c7c643684",
      "reservationId": null,
      "reportId": null,
      "message": "Your account has been suspended. Contact support for more information.",
      "status": "New",
      "type": "system",
      "isRead": true,
      "dismissed": false,
      "createdAt": "2025-09-28T07:37:03.503Z",
      "updatedAt": "2025-10-04T19:51:29.482Z",
      "__v": 0
    },
    {
      "_id": "68d8e5edd031517f2e164cde",
      "userId": "686276c831a7906c7c643684",
      "reservationId": null,
      "reportId": null,
      "message": "Your account has been restored. You may now log in.",
      "status": "New",
      "type": "system",
      "isRead": true,
      "dismissed": false,
      "createdAt": "2025-09-28T07:38:21.726Z",
      "updatedAt": "2025-10-04T19:51:29.482Z",
      "__v": 0
    },
    {
      "_id": "68d910379da6021c6e325677",
      "userId": "68d51d9892e41aa3b1a34e45",
      "reservationId": null,
      "reportId": "68cc245dbb6af2b6a0f0220e",
      "message": "A new Maintenance report has been assigned to you (2nd Floor - Faculty Room).",
      "status": "New",
      "type": "report-assignment",
      "isRead": false,
      "dismissed": false,
      "createdAt": "2025-09-28T10:38:47.148Z",
      "updatedAt": "2025-09-28T10:38:47.148Z",
      "__v": 0
    },
    {
      "_id": "68d91180461ca46567b0dc51",
      "userId": "68d51d9892e41aa3b1a34e45",
      "reservationId": null,
      "reportId": "68cc184f5c5af068e63a58a4",
      "message": "A new Maintenance report has been assigned to you (Ground Floor - Discussion Room).",
      "status": "New",
      "type": "report-assignment",
      "isRead": false,
      "dismissed": false,
      "createdAt": "2025-09-28T10:44:16.806Z",
      "updatedAt": "2025-09-28T10:44:16.806Z",
      "__v": 0
    },
    {
      "_id": "68d9118b461ca46567b0dc5f",
      "userId": "68d51d9892e41aa3b1a34e45",
      "reservationId": null,
      "reportId": "68cc184f5c5af068e63a58a4",
      "message": "A new Maintenance report has been assigned to you (Ground Floor - Discussion Room).",
      "status": "New",
      "type": "report-assignment",
      "isRead": false,
      "dismissed": false,
      "createdAt": "2025-09-28T10:44:27.450Z",
      "updatedAt": "2025-09-28T10:44:27.450Z",
      "__v": 0
    },
    {
      "_id": "68d912df912afb953a7990ba",
      "userId": "68d51d9892e41aa3b1a34e45",
      "reservationId": null,
      "reportId": "68cc0d914c62342a582a1d73",
      "message": "A new Maintenance report has been assigned to you (Ground Floor - Discussion Room).",
      "status": "New",
      "type": "report-assignment",
      "isRead": false,
      "dismissed": false,
      "createdAt": "2025-09-28T10:50:07.370Z",
      "updatedAt": "2025-09-28T10:50:07.370Z",
      "__v": 0
    },
    {
      "_id": "68d913e16498731e0becfff3",
      "userId": "68d51d9892e41aa3b1a34e45",
      "reservationId": null,
      "reportId": "68cc1fd4bf66405a4da40e8e",
      "message": "A new Maintenance report has been assigned to you (Ground Floor - Discussion Room).",
      "status": "New",
      "type": "report-assignment",
      "isRead": false,
      "dismissed": false,
      "createdAt": "2025-09-28T10:54:25.707Z",
      "updatedAt": "2025-09-28T10:54:25.707Z",
      "__v": 0
    },
    {
      "_id": "68d914116498731e0bed0076",
      "userId": "68d53c6de2f0cd418d0fdd19",
      "reservationId": null,
      "reportId": "68cc1a467f4ba20931e57936",
      "message": "A new Maintenance report has been assigned to you (2nd Floor - Discussion Room).",
      "status": "New",
      "type": "report-assignment",
      "isRead": false,
      "dismissed": false,
      "createdAt": "2025-09-28T10:55:13.621Z",
      "updatedAt": "2025-09-28T10:55:13.621Z",
      "__v": 0
    },
    {
      "_id": "68d924062a8ef0f4d783a6fd",
      "userId": "68d51d9892e41aa3b1a34e45",
      "reservationId": null,
      "reportId": "686939e85477842325a2d745",
      "message": "A new Equipment report has been assigned to you (2nd Floor - Collaboration Room).",
      "status": "New",
      "type": "report-assignment",
      "isRead": false,
      "dismissed": false,
      "createdAt": "2025-09-28T12:03:18.515Z",
      "updatedAt": "2025-09-28T12:03:18.515Z",
      "__v": 0
    },
    {
      "_id": "68daa274974080d1178347f6",
      "userId": "686aa7d65134212deed2a709",
      "reservationId": "68d5344d276d190a4e713165",
      "reportId": null,
      "message": "Your reservation for Discussion Room has ended.",
      "status": "Expired",
      "type": "reservation",
      "isRead": false,
      "dismissed": false,
      "createdAt": "2025-09-29T15:15:00.280Z",
      "updatedAt": "2025-09-29T15:15:00.280Z",
      "__v": 0
    },
    {
      "_id": "68dbf0709745ebea7be58648",
      "userId": "686aa7d65134212deed2a709",
      "reservationId": "68d53583276d190a4e7134ae",
      "reportId": null,
      "message": "Your reservation for Discussion Room has ended.",
      "status": "Expired",
      "type": "reservation",
      "isRead": false,
      "dismissed": false,
      "createdAt": "2025-09-30T15:00:00.314Z",
      "updatedAt": "2025-09-30T15:00:00.314Z",
      "__v": 0
    },
    {
      "_id": "68dbf7fb9745ebea7be59889",
      "userId": "686276c831a7906c7c643684",
      "reservationId": null,
      "reportId": null,
      "message": "Your account has been suspended. Contact support for more information.",
      "status": "New",
      "type": "system",
      "isRead": true,
      "dismissed": false,
      "createdAt": "2025-09-30T15:32:11.174Z",
      "updatedAt": "2025-10-04T19:51:29.482Z",
      "__v": 0
    },
    {
      "_id": "68dbf85f9745ebea7be59bcc",
      "userId": "686276c831a7906c7c643684",
      "reservationId": null,
      "reportId": null,
      "message": "Your account has been restored. You may now log in.",
      "status": "New",
      "type": "system",
      "isRead": true,
      "dismissed": false,
      "createdAt": "2025-09-30T15:33:51.941Z",
      "updatedAt": "2025-10-04T19:51:29.482Z",
      "__v": 0
    },
    {
      "_id": "68dd5044f54314e6547b68f2",
      "userId": null,
      "reservationId": null,
      "reportId": "68dd5044f54314e6547b68f0",
      "message": "Patrick Miguel Andrade submitted a Maintenance report for 5th Floor - Collaboration Room",
      "status": "New",
      "type": "report",
      "isRead": false,
      "dismissed": false,
      "createdAt": "2025-10-01T16:01:08.342Z",
      "updatedAt": "2025-10-01T16:01:08.342Z",
      "__v": 0
    },
    {
      "_id": "68de7e4b9e1275b880fef8e6",
      "userId": "686276c831a7906c7c643684",
      "reservationId": "68de7e4b9e1275b880fef8e0",
      "reportId": null,
      "message": "Your reservation for Collaboration Room on 2025-10-03 is pending approval.",
      "status": "Pending",
      "type": "reservation",
      "isRead": true,
      "dismissed": false,
      "createdAt": "2025-10-02T13:29:47.558Z",
      "updatedAt": "2025-10-04T19:51:29.482Z",
      "__v": 0
    },
    {
      "_id": "68de7e4b9e1275b880fef8e9",
      "reservationId": "68de7e4b9e1275b880fef8e0",
      "reportId": null,
      "message": "📅 New reservation request by Stephen P. Madero Jr. for Collaboration Room on 2025-10-03.",
      "status": "New",
      "type": "reservation",
      "isRead": false,
      "dismissed": false,
      "__v": 0,
      "createdAt": "2025-10-02T13:29:47.704Z",
      "updatedAt": "2025-10-02T13:29:47.704Z"
    },
    {
      "_id": "68de81292873d8f57f79b97a",
      "userId": "686276c831a7906c7c643684",
      "reservationId": "68de81292873d8f57f79b974",
      "reportId": null,
      "message": "Your reservation for Faculty Room on 2025-10-04 is pending approval.",
      "status": "Pending",
      "type": "reservation",
      "isRead": true,
      "dismissed": false,
      "createdAt": "2025-10-02T13:42:01.955Z",
      "updatedAt": "2025-10-04T19:51:29.482Z",
      "__v": 0
    },
    {
      "_id": "68de812a2873d8f57f79b97d",
      "reservationId": "68de81292873d8f57f79b974",
      "reportId": null,
      "message": "📅 New reservation request by Stephen P. Madero Jr. for Faculty Room on 2025-10-04.",
      "status": "New",
      "type": "reservation",
      "isRead": false,
      "dismissed": false,
      "__v": 0,
      "createdAt": "2025-10-02T13:42:02.088Z",
      "updatedAt": "2025-10-02T13:42:02.088Z"
    },
    {
      "_id": "68de8c829bd321b16f911895",
      "userId": "686276c831a7906c7c643684",
      "reservationId": "68de81292873d8f57f79b974",
      "reportId": null,
      "message": "Your reservation for Faculty Room has been rejected.",
      "status": "Rejected",
      "type": "system",
      "isRead": true,
      "dismissed": false,
      "createdAt": "2025-10-02T14:30:26.764Z",
      "updatedAt": "2025-10-04T19:51:29.482Z",
      "__v": 0
    },
    {
      "_id": "68de8ca49bd321b16f911a2e",
      "userId": "686276c831a7906c7c643684",
      "reservationId": "68de8ca49bd321b16f911a28",
      "reportId": null,
      "message": "Your reservation for Faculty Room on 2025-10-04 is pending approval.",
      "status": "Pending",
      "type": "reservation",
      "isRead": true,
      "dismissed": false,
      "createdAt": "2025-10-02T14:31:00.853Z",
      "updatedAt": "2025-10-04T19:51:29.482Z",
      "__v": 0
    },
    {
      "_id": "68de8ca59bd321b16f911a31",
      "reservationId": "68de8ca49bd321b16f911a28",
      "reportId": null,
      "message": "📅 New reservation request by Stephen P. Madero Jr. for Faculty Room on 2025-10-04.",
      "status": "New",
      "type": "reservation",
      "isRead": false,
      "dismissed": false,
      "__v": 0,
      "createdAt": "2025-10-02T14:31:01.010Z",
      "updatedAt": "2025-10-02T14:31:01.010Z"
    },
    {
      "_id": "68de8cd0e4a0ca77707e93ed",
      "userId": null,
      "reservationId": null,
      "reportId": "68de8cd0e4a0ca77707e93eb",
      "message": "Louis Miguel Parreno submitted a Maintenance report for 2nd Floor - Graduate Hub Research",
      "status": "New",
      "type": "report",
      "isRead": false,
      "dismissed": false,
      "createdAt": "2025-10-02T14:31:44.750Z",
      "updatedAt": "2025-10-02T14:31:44.750Z",
      "__v": 0
    },
    {
      "_id": "68de8cdee4a0ca77707e93f5",
      "userId": null,
      "reservationId": null,
      "reportId": "68de8cdee4a0ca77707e93f3",
      "message": "Louis Miguel Parreno submitted a Equipment report for Ground Floor - Graduate Hub Research",
      "status": "New",
      "type": "report",
      "isRead": false,
      "dismissed": false,
      "createdAt": "2025-10-02T14:31:58.666Z",
      "updatedAt": "2025-10-02T14:31:58.666Z",
      "__v": 0
    },
    {
      "_id": "68de8cdee4a0ca77707e93f7",
      "userId": "68d64d05c6f76b8682f36ac0",
      "reservationId": null,
      "reportId": "68de8cdee4a0ca77707e93f3",
      "message": "A new Equipment report has been assigned to you (Ground Floor - Graduate Hub Research).",
      "status": "New",
      "type": "report-assignment",
      "isRead": false,
      "dismissed": false,
      "createdAt": "2025-10-02T14:31:58.724Z",
      "updatedAt": "2025-10-02T14:31:58.724Z",
      "__v": 0
    },
    {
      "_id": "68de8e37d28841811f209d02",
      "userId": "686276c831a7906c7c643684",
      "reservationId": "68de8ca49bd321b16f911a28",
      "reportId": null,
      "message": "Your reservation for Faculty Room has been rejected.",
      "status": "Rejected",
      "type": "system",
      "isRead": true,
      "dismissed": false,
      "createdAt": "2025-10-02T14:37:43.590Z",
      "updatedAt": "2025-10-04T19:51:29.482Z",
      "__v": 0
    },
    {
      "_id": "68de8e57d28841811f209e68",
      "userId": "686276c831a7906c7c643684",
      "reservationId": "68de8e57d28841811f209e62",
      "reportId": null,
      "message": "Your reservation for Faculty Room on 2025-10-15 is pending approval.",
      "status": "Pending",
      "type": "reservation",
      "isRead": true,
      "dismissed": false,
      "createdAt": "2025-10-02T14:38:15.661Z",
      "updatedAt": "2025-10-04T19:51:29.482Z",
      "__v": 0
    },
    {
      "_id": "68de8e57d28841811f209e6b",
      "reservationId": "68de8e57d28841811f209e62",
      "reportId": null,
      "message": "📅 New reservation request by Stephen P. Madero Jr. for Faculty Room on 2025-10-15.",
      "status": "New",
      "type": "reservation",
      "isRead": false,
      "dismissed": false,
      "__v": 0,
      "createdAt": "2025-10-02T14:38:15.799Z",
      "updatedAt": "2025-10-02T14:38:15.799Z"
    },
    {
      "_id": "68e1121c826fbca2ba9360c0",
      "userId": "686276c831a7906c7c643684",
      "reservationId": "68de7e4b9e1275b880fef8e0",
      "reportId": null,
      "message": "Your reservation for Collaboration Room has ended.",
      "status": "Expired",
      "type": "reservation",
      "isRead": true,
      "dismissed": false,
      "createdAt": "2025-10-04T12:25:00.404Z",
      "updatedAt": "2025-10-04T19:51:29.482Z",
      "__v": 0
    },
    {
      "_id": "68e11f3774b723d3792aa196",
      "userId": "686276c831a7906c7c643684",
      "reservationId": "68de8e57d28841811f209e62",
      "reportId": null,
      "message": "Your reservation for Faculty Room has been rejected.",
      "status": "Rejected",
      "type": "system",
      "isRead": true,
      "dismissed": false,
      "createdAt": "2025-10-04T13:20:55.613Z",
      "updatedAt": "2025-10-04T19:51:29.482Z",
      "__v": 0
    },
    {
      "_id": "68e1311036922948e080cd09",
      "userId": "68d51d9892e41aa3b1a34e45",
      "reservationId": null,
      "reportId": "68cc033019377bd5a4062df6",
      "message": "A new Maintenance report has been assigned to you (5th Floor - Collaboration Room).",
      "status": "New",
      "type": "report-assignment",
      "isRead": false,
      "dismissed": false,
      "createdAt": "2025-10-04T14:37:04.935Z",
      "updatedAt": "2025-10-04T14:37:04.935Z",
      "__v": 0
    },
    {
      "_id": "68e1313e36922948e080cd21",
      "userId": "68d51d9892e41aa3b1a34e45",
      "reservationId": null,
      "reportId": "68cbfdf7e0263777998af6f2",
      "message": "A new Maintenance report has been assigned to you (Ground Floor - Faculty Room).",
      "status": "New",
      "type": "report-assignment",
      "isRead": false,
      "dismissed": false,
      "createdAt": "2025-10-04T14:37:50.158Z",
      "updatedAt": "2025-10-04T14:37:50.158Z",
      "__v": 0
    },
    {
      "_id": "68e1317d36922948e080cd41",
      "userId": "68d51d9892e41aa3b1a34e45",
      "reservationId": null,
      "reportId": "68cbff21d21064b87605e453",
      "message": "A new Maintenance report has been assigned to you (Ground Floor - Faculty Room).",
      "status": "New",
      "type": "report-assignment",
      "isRead": false,
      "dismissed": false,
      "createdAt": "2025-10-04T14:38:53.932Z",
      "updatedAt": "2025-10-04T14:38:53.932Z",
      "__v": 0
    },
    {
      "_id": "68e1352e45af3c0d66385542",
      "userId": "686276c831a7906c7c643684",
      "reservationId": null,
      "reportId": "68692de80fa8f82b4e91408e",
      "message": "Your report for 2nd Floor - Faculty Room has been resolved.",
      "status": "Resolved",
      "type": "report-status",
      "isRead": true,
      "dismissed": false,
      "createdAt": "2025-10-04T14:54:38.662Z",
      "updatedAt": "2025-10-04T19:51:29.482Z",
      "__v": 0
    },
    {
      "_id": "68e1355145af3c0d66385587",
      "userId": "686aa7d65134212deed2a709",
      "reservationId": null,
      "reportId": "68de8cdee4a0ca77707e93f3",
      "message": "Your report for Ground Floor - Graduate Hub Research has been resolved.",
      "status": "Resolved",
      "type": "report-status",
      "isRead": false,
      "dismissed": false,
      "createdAt": "2025-10-04T14:55:13.866Z",
      "updatedAt": "2025-10-04T14:55:13.866Z",
      "__v": 0
    },
    {
      "_id": "68e1356e45af3c0d66385594",
      "userId": "686aa7d65134212deed2a709",
      "reservationId": null,
      "reportId": "68c6ed491c2f2d297aa5fd80",
      "message": "Your report for Ground Floor - Discussion Room has been resolved.",
      "status": "Resolved",
      "type": "report-status",
      "isRead": false,
      "dismissed": false,
      "createdAt": "2025-10-04T14:55:42.218Z",
      "updatedAt": "2025-10-04T14:55:42.218Z",
      "__v": 0
    },
    {
      "_id": "68e13be233ac3fbd6ab913a4",
      "userId": "686276c831a7906c7c643684",
      "reservationId": null,
      "reportId": null,
      "message": "Your account is not verified. Please contact support if you believe this is an error.",
      "status": "New",
      "type": "system",
      "isRead": true,
      "dismissed": false,
      "createdAt": "2025-10-04T15:23:14.020Z",
      "updatedAt": "2025-10-04T19:51:29.482Z",
      "__v": 0
    },
    {
      "_id": "68e13ec3e65e4a2f235d67bb",
      "userId": "686276c831a7906c7c643684",
      "reservationId": null,
      "reportId": null,
      "message": "Your account is now verified.",
      "status": "New",
      "type": "system",
      "isRead": true,
      "dismissed": false,
      "createdAt": "2025-10-04T15:35:31.405Z",
      "updatedAt": "2025-10-04T19:51:29.482Z",
      "__v": 0
    },
    {
      "_id": "68e13ec3e65e4a2f235d67c0",
      "userId": "686276c831a7906c7c643684",
      "reservationId": null,
      "reportId": null,
      "message": "Your account is now verified.",
      "status": "New",
      "type": "system",
      "isRead": true,
      "dismissed": false,
      "createdAt": "2025-10-04T15:35:31.583Z",
      "updatedAt": "2025-10-04T19:51:29.482Z",
      "__v": 0
    },
    {
      "_id": "68e13ec8e65e4a2f235d67c9",
      "userId": "686276c831a7906c7c643684",
      "reservationId": null,
      "reportId": null,
      "message": "Your account is not verified. Please contact support if you believe this is an error.",
      "status": "New",
      "type": "system",
      "isRead": true,
      "dismissed": false,
      "createdAt": "2025-10-04T15:35:36.419Z",
      "updatedAt": "2025-10-04T19:51:29.482Z",
      "__v": 0
    },
    {
      "_id": "68e13ec8e65e4a2f235d67ce",
      "userId": "686276c831a7906c7c643684",
      "reservationId": null,
      "reportId": null,
      "message": "Your account is not verified. Please contact support if you believe this is an error.",
      "status": "New",
      "type": "system",
      "isRead": true,
      "dismissed": false,
      "createdAt": "2025-10-04T15:35:36.599Z",
      "updatedAt": "2025-10-04T19:51:29.482Z",
      "__v": 0
    },
    {
      "_id": "68e13ecde65e4a2f235d67d7",
      "userId": "686276c831a7906c7c643684",
      "reservationId": null,
      "reportId": null,
      "message": "Your account is now verified.",
      "status": "New",
      "type": "system",
      "isRead": true,
      "dismissed": false,
      "createdAt": "2025-10-04T15:35:41.193Z",
      "updatedAt": "2025-10-04T19:51:29.482Z",
      "__v": 0
    },
    {
      "_id": "68e13ecde65e4a2f235d67dc",
      "userId": "686276c831a7906c7c643684",
      "reservationId": null,
      "reportId": null,
      "message": "Your account is now verified.",
      "status": "New",
      "type": "system",
      "isRead": true,
      "dismissed": false,
      "createdAt": "2025-10-04T15:35:41.373Z",
      "updatedAt": "2025-10-04T19:51:29.482Z",
      "__v": 0
    },
    {
      "_id": "68e13ed6e65e4a2f235d67ed",
      "userId": "686276c831a7906c7c643684",
      "reservationId": null,
      "reportId": null,
      "message": "Your account is not verified. Please contact support if you believe this is an error.",
      "status": "New",
      "type": "system",
      "isRead": true,
      "dismissed": false,
      "createdAt": "2025-10-04T15:35:50.120Z",
      "updatedAt": "2025-10-04T19:51:29.482Z",
      "__v": 0
    },
    {
      "_id": "68e13ed6e65e4a2f235d67f2",
      "userId": "686276c831a7906c7c643684",
      "reservationId": null,
      "reportId": null,
      "message": "Your account is not verified. Please contact support if you believe this is an error.",
      "status": "New",
      "type": "system",
      "isRead": true,
      "dismissed": false,
      "createdAt": "2025-10-04T15:35:50.292Z",
      "updatedAt": "2025-10-04T19:51:29.482Z",
      "__v": 0
    },
    {
      "_id": "68e13ee77e422bb6c3ffa31d",
      "userId": "686276c831a7906c7c643684",
      "reservationId": null,
      "reportId": null,
      "message": "Your account is now verified.",
      "status": "New",
      "type": "system",
      "isRead": true,
      "dismissed": false,
      "createdAt": "2025-10-04T15:36:07.497Z",
      "updatedAt": "2025-10-04T19:51:29.482Z",
      "__v": 0
    },
    {
      "_id": "68e13ee77e422bb6c3ffa322",
      "userId": "686276c831a7906c7c643684",
      "reservationId": null,
      "reportId": null,
      "message": "Your account is now verified.",
      "status": "New",
      "type": "system",
      "isRead": true,
      "dismissed": false,
      "createdAt": "2025-10-04T15:36:07.722Z",
      "updatedAt": "2025-10-04T19:51:29.482Z",
      "__v": 0
    },
    {
      "_id": "68e13eff4e98a1af63952fb4",
      "userId": "686276c831a7906c7c643684",
      "reservationId": null,
      "reportId": null,
      "message": "Your account is not verified. Please contact support if you believe this is an error.",
      "status": "New",
      "type": "system",
      "isRead": true,
      "dismissed": false,
      "createdAt": "2025-10-04T15:36:31.201Z",
      "updatedAt": "2025-10-04T19:51:29.482Z",
      "__v": 0
    },
    {
      "_id": "68e13eff4e98a1af63952fb9",
      "userId": "686276c831a7906c7c643684",
      "reservationId": null,
      "reportId": null,
      "message": "Your account is not verified. Please contact support if you believe this is an error.",
      "status": "New",
      "type": "system",
      "isRead": true,
      "dismissed": false,
      "createdAt": "2025-10-04T15:36:31.389Z",
      "updatedAt": "2025-10-04T19:51:29.482Z",
      "__v": 0
    },
    {
      "_id": "68e13f034e98a1af63952fbe",
      "userId": "686276c831a7906c7c643684",
      "reservationId": null,
      "reportId": null,
      "message": "Your account is not verified. Please contact support if you believe this is an error.",
      "status": "New",
      "type": "system",
      "isRead": true,
      "dismissed": false,
      "createdAt": "2025-10-04T15:36:35.411Z",
      "updatedAt": "2025-10-04T19:51:29.482Z",
      "__v": 0
    },
    {
      "_id": "68e13f034e98a1af63952fc3",
      "userId": "686276c831a7906c7c643684",
      "reservationId": null,
      "reportId": null,
      "message": "Your account is not verified. Please contact support if you believe this is an error.",
      "status": "New",
      "type": "system",
      "isRead": true,
      "dismissed": false,
      "createdAt": "2025-10-04T15:36:35.640Z",
      "updatedAt": "2025-10-04T19:51:29.482Z",
      "__v": 0
    },
    {
      "_id": "68e13f084e98a1af63952fcc",
      "userId": "686276c831a7906c7c643684",
      "reservationId": null,
      "reportId": null,
      "message": "Your account is now verified.",
      "status": "New",
      "type": "system",
      "isRead": true,
      "dismissed": false,
      "createdAt": "2025-10-04T15:36:40.970Z",
      "updatedAt": "2025-10-04T19:51:29.482Z",
      "__v": 0
    },
    {
      "_id": "68e13f094e98a1af63952fd1",
      "userId": "686276c831a7906c7c643684",
      "reservationId": null,
      "reportId": null,
      "message": "Your account is now verified.",
      "status": "New",
      "type": "system",
      "isRead": true,
      "dismissed": false,
      "createdAt": "2025-10-04T15:36:41.167Z",
      "updatedAt": "2025-10-04T19:51:29.482Z",
      "__v": 0
    },
    {
      "_id": "68e141187642bc4768453a89",
      "userId": "686276c831a7906c7c643684",
      "reservationId": null,
      "reportId": null,
      "message": "Your account is not verified. Please contact support if you believe this is an error.",
      "status": "New",
      "type": "system",
      "isRead": true,
      "dismissed": false,
      "createdAt": "2025-10-04T15:45:28.206Z",
      "updatedAt": "2025-10-04T19:51:29.482Z",
      "__v": 0
    },
    {
      "_id": "68e141187642bc4768453a8e",
      "userId": "686276c831a7906c7c643684",
      "reservationId": null,
      "reportId": null,
      "message": "Your account is not verified. Please contact support if you believe this is an error.",
      "status": "New",
      "type": "system",
      "isRead": true,
      "dismissed": false,
      "createdAt": "2025-10-04T15:45:28.426Z",
      "updatedAt": "2025-10-04T19:51:29.482Z",
      "__v": 0
    },
    {
      "_id": "68e141237642bc4768453a98",
      "userId": "686276c831a7906c7c643684",
      "reservationId": null,
      "reportId": null,
      "message": "Your account has been suspended. Contact support for more information.",
      "status": "New",
      "type": "system",
      "isRead": true,
      "dismissed": false,
      "createdAt": "2025-10-04T15:45:39.012Z",
      "updatedAt": "2025-10-04T19:51:29.482Z",
      "__v": 0
    },
    {
      "_id": "68e141477642bc4768453ab6",
      "userId": "686276c831a7906c7c643684",
      "reservationId": null,
      "reportId": null,
      "message": "Your account is now verified.",
      "status": "New",
      "type": "system",
      "isRead": true,
      "dismissed": false,
      "createdAt": "2025-10-04T15:46:15.245Z",
      "updatedAt": "2025-10-04T19:51:29.482Z",
      "__v": 0
    },
    {
      "_id": "68e141477642bc4768453abb",
      "userId": "686276c831a7906c7c643684",
      "reservationId": null,
      "reportId": null,
      "message": "Your account is now verified.",
      "status": "New",
      "type": "system",
      "isRead": true,
      "dismissed": false,
      "createdAt": "2025-10-04T15:46:15.463Z",
      "updatedAt": "2025-10-04T19:51:29.482Z",
      "__v": 0
    },
    {
      "_id": "68e141487642bc4768453ac0",
      "userId": "686276c831a7906c7c643684",
      "reservationId": null,
      "reportId": null,
      "message": "Your account has been restored. You may now log in.",
      "status": "New",
      "type": "system",
      "isRead": true,
      "dismissed": false,
      "createdAt": "2025-10-04T15:46:16.044Z",
      "updatedAt": "2025-10-04T19:51:29.482Z",
      "__v": 0
    },
    {
      "_id": "68e1415e7642bc4768453ac9",
      "userId": "686276c831a7906c7c643684",
      "reservationId": null,
      "reportId": null,
      "message": "Your account has been suspended. Contact support for more information.",
      "status": "New",
      "type": "system",
      "isRead": true,
      "dismissed": false,
      "createdAt": "2025-10-04T15:46:38.422Z",
      "updatedAt": "2025-10-04T19:51:29.482Z",
      "__v": 0
    },
    {
      "_id": "68e1422d8078676a5d8f8674",
      "userId": "686276c831a7906c7c643684",
      "reservationId": null,
      "reportId": null,
      "message": "Your account has been restored. You may now log in.",
      "status": "New",
      "type": "system",
      "isRead": true,
      "dismissed": false,
      "createdAt": "2025-10-04T15:50:05.633Z",
      "updatedAt": "2025-10-04T19:51:29.482Z",
      "__v": 0
    },
    {
      "_id": "68e1427842596eccf2cc4a8b",
      "userId": "686276c831a7906c7c643684",
      "reservationId": null,
      "reportId": null,
      "message": "Your account has been suspended. Contact support for more information.",
      "status": "New",
      "type": "system",
      "isRead": true,
      "dismissed": false,
      "createdAt": "2025-10-04T15:51:20.897Z",
      "updatedAt": "2025-10-04T19:51:29.482Z",
      "__v": 0
    },
    {
      "_id": "68e142c9ad57f3437f468051",
      "userId": "686276c831a7906c7c643684",
      "reservationId": null,
      "reportId": null,
      "message": "Your account has been restored. You may now log in.",
      "status": "New",
      "type": "system",
      "isRead": true,
      "dismissed": false,
      "createdAt": "2025-10-04T15:52:41.183Z",
      "updatedAt": "2025-10-04T19:51:29.482Z",
      "__v": 0
    },
    {
      "_id": "68e142ccad57f3437f468056",
      "userId": "686276c831a7906c7c643684",
      "reservationId": null,
      "reportId": null,
      "message": "Your account is not verified. Please contact support if you believe this is an error.",
      "status": "New",
      "type": "system",
      "isRead": true,
      "dismissed": false,
      "createdAt": "2025-10-04T15:52:44.542Z",
      "updatedAt": "2025-10-04T19:51:29.482Z",
      "__v": 0
    },
    {
      "_id": "68e142ccad57f3437f46805b",
      "userId": "686276c831a7906c7c643684",
      "reservationId": null,
      "reportId": null,
      "message": "Your account is not verified. Please contact support if you believe this is an error.",
      "status": "New",
      "type": "system",
      "isRead": true,
      "dismissed": false,
      "createdAt": "2025-10-04T15:52:44.750Z",
      "updatedAt": "2025-10-04T19:51:29.482Z",
      "__v": 0
    },
    {
      "_id": "68e142cfad57f3437f468060",
      "userId": "686276c831a7906c7c643684",
      "reservationId": null,
      "reportId": null,
      "message": "Your account is not verified. Please contact support if you believe this is an error.",
      "status": "New",
      "type": "system",
      "isRead": true,
      "dismissed": false,
      "createdAt": "2025-10-04T15:52:47.430Z",
      "updatedAt": "2025-10-04T19:51:29.482Z",
      "__v": 0
    },
    {
      "_id": "68e142cfad57f3437f468065",
      "userId": "686276c831a7906c7c643684",
      "reservationId": null,
      "reportId": null,
      "message": "Your account is not verified. Please contact support if you believe this is an error.",
      "status": "New",
      "type": "system",
      "isRead": true,
      "dismissed": false,
      "createdAt": "2025-10-04T15:52:47.647Z",
      "updatedAt": "2025-10-04T19:51:29.482Z",
      "__v": 0
    },
    {
      "_id": "68e142d3ad57f3437f46806e",
      "userId": "686276c831a7906c7c643684",
      "reservationId": null,
      "reportId": null,
      "message": "Your account has been suspended. Contact support for more information.",
      "status": "New",
      "type": "system",
      "isRead": true,
      "dismissed": false,
      "createdAt": "2025-10-04T15:52:51.722Z",
      "updatedAt": "2025-10-04T19:51:29.482Z",
      "__v": 0
    },
    {
      "_id": "68e14460c653c03121c15b26",
      "userId": "686276c831a7906c7c643684",
      "reservationId": null,
      "reportId": null,
      "message": "Your account is now verified.",
      "status": "New",
      "type": "system",
      "isRead": true,
      "dismissed": false,
      "createdAt": "2025-10-04T15:59:28.084Z",
      "updatedAt": "2025-10-04T19:51:29.482Z",
      "__v": 0
    },
    {
      "_id": "68e14464c653c03121c15b2b",
      "userId": "686276c831a7906c7c643684",
      "reservationId": null,
      "reportId": null,
      "message": "Your account has been restored. You may now log in.",
      "status": "New",
      "type": "system",
      "isRead": true,
      "dismissed": false,
      "createdAt": "2025-10-04T15:59:32.798Z",
      "updatedAt": "2025-10-04T19:51:29.482Z",
      "__v": 0
    },
    {
      "_id": "68e14603abf58b151ba0b4c1",
      "userId": "686276c831a7906c7c643684",
      "reservationId": null,
      "reportId": null,
      "message": "Your account is not verified. Please contact support if you believe this is an error.",
      "status": "New",
      "type": "system",
      "isRead": true,
      "dismissed": false,
      "createdAt": "2025-10-04T16:06:27.613Z",
      "updatedAt": "2025-10-04T19:51:29.482Z",
      "__v": 0
    },
    {
      "_id": "68e14604abf58b151ba0b4c6",
      "userId": "686276c831a7906c7c643684",
      "reservationId": null,
      "reportId": null,
      "message": "Your account is now verified.",
      "status": "New",
      "type": "system",
      "isRead": true,
      "dismissed": false,
      "createdAt": "2025-10-04T16:06:28.527Z",
      "updatedAt": "2025-10-04T19:51:29.482Z",
      "__v": 0
    },
    {
      "_id": "68e14605abf58b151ba0b4cb",
      "userId": "686276c831a7906c7c643684",
      "reservationId": null,
      "reportId": null,
      "message": "Your account has been suspended. Contact support for more information.",
      "status": "New",
      "type": "system",
      "isRead": true,
      "dismissed": false,
      "createdAt": "2025-10-04T16:06:29.409Z",
      "updatedAt": "2025-10-04T19:51:29.482Z",
      "__v": 0
    },
    {
      "_id": "68e14681abf58b151ba0b4f8",
      "userId": "686276c831a7906c7c643684",
      "reservationId": null,
      "reportId": null,
      "message": "Your account has been restored. You may now log in.",
      "status": "New",
      "type": "system",
      "isRead": true,
      "dismissed": false,
      "createdAt": "2025-10-04T16:08:33.833Z",
      "updatedAt": "2025-10-04T19:51:29.482Z",
      "__v": 0
    },
    {
      "_id": "68e146badfc6e41fba689a29",
      "userId": "686276c831a7906c7c643684",
      "reservationId": null,
      "reportId": null,
      "message": "Your account has been suspended. Contact support for more information.",
      "status": "New",
      "type": "system",
      "isRead": true,
      "dismissed": false,
      "createdAt": "2025-10-04T16:09:30.940Z",
      "updatedAt": "2025-10-04T19:51:29.482Z",
      "__v": 0
    },
    {
      "_id": "68e146f1dfc6e41fba689a60",
      "userId": "686276c831a7906c7c643684",
      "reservationId": null,
      "reportId": null,
      "message": "Your account has been restored. You may now log in.",
      "status": "New",
      "type": "system",
      "isRead": true,
      "dismissed": false,
      "createdAt": "2025-10-04T16:10:25.104Z",
      "updatedAt": "2025-10-04T19:51:29.482Z",
      "__v": 0
    },
    {
      "_id": "68e146ffdfc6e41fba689a79",
      "userId": "686276c831a7906c7c643684",
      "reservationId": null,
      "reportId": null,
      "message": "Your account has been suspended. Contact support for more information.",
      "status": "New",
      "type": "system",
      "isRead": true,
      "dismissed": false,
      "createdAt": "2025-10-04T16:10:39.345Z",
      "updatedAt": "2025-10-04T19:51:29.482Z",
      "__v": 0
    },
    {
      "_id": "68e14703dfc6e41fba689a82",
      "userId": "686276c831a7906c7c643684",
      "reservationId": null,
      "reportId": null,
      "message": "Your account has been restored. You may now log in.",
      "status": "New",
      "type": "system",
      "isRead": true,
      "dismissed": false,
      "createdAt": "2025-10-04T16:10:43.830Z",
      "updatedAt": "2025-10-04T19:51:29.482Z",
      "__v": 0
    },
    {
      "_id": "68e14708dfc6e41fba689a8b",
      "userId": "686276c831a7906c7c643684",
      "reservationId": null,
      "reportId": null,
      "message": "Your account has been suspended. Contact support for more information.",
      "status": "New",
      "type": "system",
      "isRead": true,
      "dismissed": false,
      "createdAt": "2025-10-04T16:10:48.226Z",
      "updatedAt": "2025-10-04T19:51:29.482Z",
      "__v": 0
    },
    {
      "_id": "68e1470fdfc6e41fba689a94",
      "userId": "686276c831a7906c7c643684",
      "reservationId": null,
      "reportId": null,
      "message": "Your account has been restored. You may now log in.",
      "status": "New",
      "type": "system",
      "isRead": true,
      "dismissed": false,
      "createdAt": "2025-10-04T16:10:55.564Z",
      "updatedAt": "2025-10-04T19:51:29.482Z",
      "__v": 0
    },
    {
      "_id": "68e14a4621f1bd4a916db553",
      "userId": "686276c831a7906c7c643684",
      "reservationId": null,
      "reportId": null,
      "message": "Your account has been suspended. Contact support for more information.",
      "status": "New",
      "type": "system",
      "isRead": true,
      "dismissed": false,
      "createdAt": "2025-10-04T16:24:38.392Z",
      "updatedAt": "2025-10-04T19:51:29.482Z",
      "__v": 0
    },
    {
      "_id": "68e14b59874ccad3953b525d",
      "userId": "686276c831a7906c7c643684",
      "reservationId": null,
      "reportId": null,
      "message": "Your account has been restored. You may now log in.",
      "status": "New",
      "type": "system",
      "isRead": true,
      "dismissed": false,
      "createdAt": "2025-10-04T16:29:13.408Z",
      "updatedAt": "2025-10-04T19:51:29.482Z",
      "__v": 0
    },
    {
      "_id": "68e14b61874ccad3953b5274",
      "userId": "686276c831a7906c7c643684",
      "reservationId": null,
      "reportId": null,
      "message": "Your account has been suspended. Contact support for more information.",
      "status": "New",
      "type": "system",
      "isRead": true,
      "dismissed": false,
      "createdAt": "2025-10-04T16:29:21.154Z",
      "updatedAt": "2025-10-04T19:51:29.482Z",
      "__v": 0
    },
    {
      "_id": "68e14bab874ccad3953b5283",
      "userId": "686276c831a7906c7c643684",
      "reservationId": null,
      "reportId": null,
      "message": "Your account has been restored. You may now log in.",
      "status": "New",
      "type": "system",
      "isRead": true,
      "dismissed": false,
      "createdAt": "2025-10-04T16:30:35.680Z",
      "updatedAt": "2025-10-04T19:51:29.482Z",
      "__v": 0
    },
    {
      "_id": "68e158fc999a528206471287",
      "userId": "686cb58144bab8d2834576c4",
      "reservationId": null,
      "reportId": "68dd5044f54314e6547b68f0",
      "message": "Your report for 5th Floor - Collaboration Room has been resolved.",
      "status": "Resolved",
      "type": "report-status",
      "targetRole": "all",
      "isRead": false,
      "dismissed": false,
      "createdAt": "2025-10-04T17:27:24.784Z",
      "updatedAt": "2025-10-04T17:27:24.784Z",
      "__v": 0
    },
    {
      "_id": "68e15e14f8b014797cfa1490",
      "userId": null,
      "reservationId": null,
      "reportId": "68e15e13f8b014797cfa148c",
      "message": "Stephen P. Madero Jr. submitted a Maintenance report for Ground Floor - Graduate Hub Research",
      "status": "New",
      "type": "report",
      "targetRole": "all",
      "isRead": false,
      "dismissed": false,
      "createdAt": "2025-10-04T17:49:08.155Z",
      "updatedAt": "2025-10-04T17:49:08.155Z",
      "__v": 0
    },
    {
      "_id": "68e15e14f8b014797cfa1493",
      "userId": "68d64d05c6f76b8682f36ac0",
      "reservationId": null,
      "reportId": "68e15e13f8b014797cfa148c",
      "message": "A new Maintenance report has been assigned to you (Ground Floor - Graduate Hub Research).",
      "status": "New",
      "type": "report-assignment",
      "targetRole": "all",
      "isRead": false,
      "dismissed": false,
      "createdAt": "2025-10-04T17:49:08.302Z",
      "updatedAt": "2025-10-04T17:49:08.302Z",
      "__v": 0
    },
    {
      "_id": "68e160ad290d8d9f9bf73ace",
      "userId": "686276c831a7906c7c643684",
      "reservationId": "68e160ad290d8d9f9bf73ac0",
      "reportId": null,
      "message": "Your reservation for Collaboration Room on 2025-10-09 from 15:30 to 04:30 PM is pending approval.",
      "status": "Pending",
      "type": "reservation",
      "targetRole": "user",
      "isRead": true,
      "dismissed": false,
      "createdAt": "2025-10-04T18:00:13.509Z",
      "updatedAt": "2025-10-04T19:51:29.482Z",
      "__v": 0
    },
    {
      "_id": "68e160ad290d8d9f9bf73ad5",
      "userId": null,
      "reservationId": "68e160ad290d8d9f9bf73ac0",
      "reportId": null,
      "message": "New reservation request: Stephen P. Madero Jr. requested Collaboration Room on 2025-10-09 (15:30 – 04:30 PM).",
      "status": "New",
      "type": "reservation",
      "targetRole": "admin",
      "isRead": false,
      "dismissed": false,
      "createdAt": "2025-10-04T18:00:13.649Z",
      "updatedAt": "2025-10-04T18:00:13.649Z",
      "__v": 0
    },
    {
      "_id": "68e16183290d8d9f9bf73ce6",
      "userId": "68d51d9892e41aa3b1a34e45",
      "reservationId": null,
      "reportId": "68e15e13f8b014797cfa148c",
      "message": "A new Maintenance report has been assigned to you (Ground Floor - Graduate Hub Research).",
      "status": "New",
      "type": "report-assignment",
      "targetRole": "all",
      "isRead": false,
      "dismissed": false,
      "createdAt": "2025-10-04T18:03:47.565Z",
      "updatedAt": "2025-10-04T18:03:47.565Z",
      "__v": 0
    },
    {
      "_id": "68e162a8b1e769ac55d11cc3",
      "userId": "68d51d9892e41aa3b1a34e45",
      "reservationId": null,
      "reportId": "68cc21df58697dfe383e3bfd",
      "message": "A new Maintenance report has been assigned to you (Ground Floor - Faculty Room).",
      "status": "New",
      "type": "report-assignment",
      "targetRole": "all",
      "isRead": false,
      "dismissed": false,
      "createdAt": "2025-10-04T18:08:40.493Z",
      "updatedAt": "2025-10-04T18:08:40.493Z",
      "__v": 0
    },
    {
      "_id": "68e16e4ffcb99b35145c8d01",
      "userId": "686276c831a7906c7c643684",
      "reservationId": "68e15ec7f8b014797cfa1592",
      "reportId": null,
      "message": "Your reservation for Collaboration Room on 2025-10-06 has been rejected.",
      "status": "Rejected",
      "type": "reservation",
      "targetRole": "user",
      "isRead": true,
      "dismissed": false,
      "createdAt": "2025-10-04T18:58:23.846Z",
      "updatedAt": "2025-10-04T19:51:29.482Z",
      "__v": 0
    },
    {
      "_id": "68e16e96fcb99b35145c8daf",
      "userId": "686276c831a7906c7c643684",
      "reservationId": "68e16e96fcb99b35145c8da1",
      "reportId": null,
      "message": "Your reservation for Collaboration Room on 2025-10-23 from 10:30 to 11:30 AM is pending approval.",
      "status": "Pending",
      "type": "reservation",
      "targetRole": "user",
      "isRead": true,
      "dismissed": false,
      "createdAt": "2025-10-04T18:59:34.422Z",
      "updatedAt": "2025-10-04T19:51:29.482Z",
      "__v": 0
    },
    {
      "_id": "68e16e96fcb99b35145c8db6",
      "userId": null,
      "reservationId": "68e16e96fcb99b35145c8da1",
      "reportId": null,
      "message": "New reservation request: Stephen P. Madero Jr. requested Collaboration Room on 2025-10-23 (10:30 – 11:30 AM).",
      "status": "New",
      "type": "reservation",
      "targetRole": "admin",
      "isRead": false,
      "dismissed": false,
      "createdAt": "2025-10-04T18:59:34.552Z",
      "updatedAt": "2025-10-04T18:59:34.552Z",
      "__v": 0
    },
    {
      "_id": "68e16ed3fcb99b35145c8e6e",
      "userId": "686276c831a7906c7c643684",
      "reservationId": "68e16e96fcb99b35145c8da1",
      "reportId": null,
      "message": "Your reservation for Collaboration Room on 2025-10-23 from 10:30 AM to 11:30 AM has been approved.",
      "status": "Approved",
      "type": "reservation",
      "targetRole": "user",
      "isRead": true,
      "dismissed": false,
      "createdAt": "2025-10-04T19:00:35.357Z",
      "updatedAt": "2025-10-04T19:51:29.482Z",
      "__v": 0
    },
    {
      "_id": "68e17a4a1fcbebd6edbbdfd9",
      "userId": "686276c831a7906c7c643684",
      "reservationId": null,
      "reportId": null,
      "message": "Your account has been suspended. Contact support for more information.",
      "status": "New",
      "type": "system",
      "targetRole": "all",
      "isRead": true,
      "dismissed": false,
      "createdAt": "2025-10-04T19:49:30.554Z",
      "updatedAt": "2025-10-04T19:51:29.482Z",
      "__v": 0
    },
    {
      "_id": "68e17a841fcbebd6edbbe00e",
      "userId": "686276c831a7906c7c643684",
      "reservationId": null,
      "reportId": null,
      "message": "Your account has been restored. You may now log in.",
      "status": "New",
      "type": "system",
      "targetRole": "all",
      "isRead": true,
      "dismissed": false,
      "createdAt": "2025-10-04T19:50:28.394Z",
      "updatedAt": "2025-10-04T19:51:29.482Z",
      "__v": 0
    },
    {
      "_id": "68e27baa8b343909b61ae890",
      "userId": "686276c831a7906c7c643684",
      "reservationId": "68e27ba98b343909b61ae882",
      "reportId": null,
      "message": "Your reservation for Discussion Room on 2025-10-22 from 09:30 to 10:30 AM is pending approval.",
      "status": "Pending",
      "type": "reservation",
      "targetRole": "user",
      "isRead": true,
      "dismissed": false,
      "createdAt": "2025-10-05T14:07:38.246Z",
      "updatedAt": "2025-10-09T15:08:55.432Z",
      "__v": 0
    },
    {
      "_id": "68e27baa8b343909b61ae897",
      "userId": null,
      "reservationId": "68e27ba98b343909b61ae882",
      "reportId": null,
      "message": "New reservation request: Stephen P. Madero Jr. requested Discussion Room on 2025-10-22 (09:30 – 10:30 AM).",
      "status": "New",
      "type": "reservation",
      "targetRole": "admin",
      "isRead": false,
      "dismissed": false,
      "createdAt": "2025-10-05T14:07:38.408Z",
      "updatedAt": "2025-10-05T14:07:38.408Z",
      "__v": 0
    },
    {
      "_id": "68e3ae11a5f2333cbdc97ca1",
      "userId": "686276c831a7906c7c643684",
      "reservationId": "68e160ad290d8d9f9bf73ac0",
      "reportId": null,
      "message": "Your reservation for Collaboration Room on 2025-10-09 has been rejected.",
      "status": "Rejected",
      "type": "reservation",
      "targetRole": "user",
      "isRead": true,
      "dismissed": false,
      "createdAt": "2025-10-06T11:54:57.522Z",
      "updatedAt": "2025-10-09T15:08:55.432Z",
      "__v": 0
    },
    {
      "_id": "68e3c5fb1e6c990814b5ddfa",
      "userId": "686276c831a7906c7c643684",
      "reservationId": "68e16e96fcb99b35145c8da1",
      "reportId": null,
      "message": "Your reservation for Collaboration Room on 2025-10-23 from Unknown Time to Unknown Time has been ongoing.",
      "status": "Ongoing",
      "type": "reservation",
      "targetRole": "user",
      "isRead": true,
      "dismissed": false,
      "createdAt": "2025-10-06T13:36:59.511Z",
      "updatedAt": "2025-10-09T15:08:55.432Z",
      "__v": 0
    },
    {
      "_id": "68e3d5c2012493e15a4efa5b",
      "userId": "686276c831a7906c7c643684",
      "reservationId": "68e27ba98b343909b61ae882",
      "reportId": null,
      "message": "Your reservation for Discussion Room on 2025-10-22 from 09:30 AM to 10:30 AM has been approved.",
      "status": "Approved",
      "type": "reservation",
      "targetRole": "user",
      "isRead": true,
      "dismissed": false,
      "createdAt": "2025-10-06T14:44:18.855Z",
      "updatedAt": "2025-10-09T15:08:55.432Z",
      "__v": 0
    },
    {
      "_id": "68e3d5d2012493e15a4efa9c",
      "userId": "686276c831a7906c7c643684",
      "reservationId": "68e27ba98b343909b61ae882",
      "reportId": null,
      "message": "Your reservation for Discussion Room on 2025-10-22 from Unknown Time to Unknown Time has been ongoing.",
      "status": "Ongoing",
      "type": "reservation",
      "targetRole": "user",
      "isRead": true,
      "dismissed": false,
      "createdAt": "2025-10-06T14:44:34.046Z",
      "updatedAt": "2025-10-09T15:08:55.432Z",
      "__v": 0
    },
    {
      "_id": "68e3df234e898c0cd7483c2c",
      "userId": "686276c831a7906c7c643684",
      "reservationId": "68e16e96fcb99b35145c8da1",
      "reportId": null,
      "message": "Your reservation for Collaboration Room on 2025-10-23 from Unknown Time to Unknown Time has been completed.",
      "status": "New",
      "type": "reservation",
      "targetRole": "user",
      "isRead": true,
      "dismissed": false,
      "createdAt": "2025-10-06T15:24:19.501Z",
      "updatedAt": "2025-10-09T15:08:55.432Z",
      "__v": 0
    },
    {
      "_id": "68e6723771a06a811f03066e",
      "userId": "686276c831a7906c7c643684",
      "reservationId": "68e27ba98b343909b61ae882",
      "reportId": null,
      "message": "Your reservation for Discussion Room on 2025-10-22 from Unknown Time to Unknown Time has been completed.",
      "status": "New",
      "type": "reservation",
      "targetRole": "user",
      "isRead": true,
      "dismissed": false,
      "createdAt": "2025-10-08T14:16:23.576Z",
      "updatedAt": "2025-10-09T15:08:55.432Z",
      "__v": 0
    },
    {
      "_id": "68e7a31f15ccc3205b954633",
      "userId": "686276c831a7906c7c643684",
      "reservationId": "68e7a31f15ccc3205b954625",
      "reportId": null,
      "message": "Your reservation for Collaboration Room on 2025-10-10 from 15:00 to 04:00 PM is pending approval.",
      "status": "Pending",
      "type": "reservation",
      "targetRole": "user",
      "isRead": true,
      "dismissed": false,
      "createdAt": "2025-10-09T11:57:19.464Z",
      "updatedAt": "2025-10-09T15:08:55.432Z",
      "__v": 0
    },
    {
      "_id": "68e7a31f15ccc3205b95463a",
      "userId": null,
      "reservationId": "68e7a31f15ccc3205b954625",
      "reportId": null,
      "message": "New reservation request: Stephen P. Madero Jr. requested Collaboration Room on 2025-10-10 (15:00 – 04:00 PM).",
      "status": "New",
      "type": "reservation",
      "targetRole": "admin",
      "isRead": false,
      "dismissed": false,
      "createdAt": "2025-10-09T11:57:19.645Z",
      "updatedAt": "2025-10-09T11:57:19.645Z",
      "__v": 0
    },
    {
      "_id": "68e7a535244d07576ccd5e5d",
      "userId": "686276c831a7906c7c643684",
      "reservationId": "68e7a31f15ccc3205b954625",
      "reportId": null,
      "message": "Your reservation for Collaboration Room was canceled.",
      "status": "Cancelled",
      "type": "reservation",
      "targetRole": "user",
      "isRead": true,
      "dismissed": false,
      "createdAt": "2025-10-09T12:06:13.094Z",
      "updatedAt": "2025-10-09T15:08:55.432Z",
      "__v": 0
    },
    {
      "_id": "68e7a5d3244d07576ccd5f2c",
      "userId": "686276c831a7906c7c643684",
      "reservationId": "68e7a5d2244d07576ccd5f1e",
      "reportId": null,
      "message": "Your reservation for Collaboration Room on 2025-10-10 from 08:00 to 09:00 AM is pending approval.",
      "status": "Pending",
      "type": "reservation",
      "targetRole": "user",
      "isRead": true,
      "dismissed": false,
      "createdAt": "2025-10-09T12:08:51.553Z",
      "updatedAt": "2025-10-09T15:08:55.432Z",
      "__v": 0
    },
    {
      "_id": "68e7a5d4244d07576ccd5f33",
      "userId": null,
      "reservationId": "68e7a5d2244d07576ccd5f1e",
      "reportId": null,
      "message": "New reservation request: Stephen P. Madero Jr. requested Collaboration Room on 2025-10-10 (08:00 – 09:00 AM).",
      "status": "New",
      "type": "reservation",
      "targetRole": "admin",
      "isRead": false,
      "dismissed": false,
      "createdAt": "2025-10-09T12:08:52.250Z",
      "updatedAt": "2025-10-09T12:08:52.250Z",
      "__v": 0
    },
    {
      "_id": "68e7a645244d07576ccd6062",
      "userId": "686276c831a7906c7c643684",
      "reservationId": "68e7a5d2244d07576ccd5f1e",
      "reportId": null,
      "message": "Your reservation for Collaboration Room on 2025-10-10 from 08:00 AM to 09:00 AM has been approved.",
      "status": "Approved",
      "type": "reservation",
      "targetRole": "user",
      "isRead": true,
      "dismissed": false,
      "createdAt": "2025-10-09T12:10:45.543Z",
      "updatedAt": "2025-10-09T15:08:55.432Z",
      "__v": 0
    },
    {
      "_id": "68e7a6c12efdfe3980daf191",
      "userId": "686276c831a7906c7c643684",
      "reservationId": "68e7a5d2244d07576ccd5f1e",
      "reportId": null,
      "message": "Your reservation for Collaboration Room on 2025-10-10 from Unknown Time to Unknown Time has been ongoing.",
      "status": "Ongoing",
      "type": "reservation",
      "targetRole": "user",
      "isRead": true,
      "dismissed": false,
      "createdAt": "2025-10-09T12:12:49.243Z",
      "updatedAt": "2025-10-09T15:08:55.432Z",
      "__v": 0
    },
    {
      "_id": "68e7a79e2efdfe3980daf647",
      "userId": "686276c831a7906c7c643684",
      "reservationId": "68e7a5d2244d07576ccd5f1e",
      "reportId": null,
      "message": "Your reservation for Collaboration Room on 2025-10-10 from Unknown Time to Unknown Time has been completed.",
      "status": "New",
      "type": "reservation",
      "targetRole": "user",
      "isRead": true,
      "dismissed": false,
      "createdAt": "2025-10-09T12:16:30.797Z",
      "updatedAt": "2025-10-09T15:08:55.432Z",
      "__v": 0
    },
    {
      "_id": "68e7b6fc6616c0f84b1ba8c3",
      "userId": "686276c831a7906c7c643684",
      "reservationId": "68e7b6fc6616c0f84b1ba8b5",
      "reportId": null,
      "message": "Your reservation for Discussion Room on 2025-10-12 from 09:30 to 10:30 AM is pending approval.",
      "status": "Pending",
      "type": "reservation",
      "targetRole": "user",
      "isRead": true,
      "dismissed": false,
      "createdAt": "2025-10-09T13:22:04.600Z",
      "updatedAt": "2025-10-09T15:08:55.432Z",
      "__v": 0
    },
    {
      "_id": "68e7b6fc6616c0f84b1ba8ca",
      "userId": null,
      "reservationId": "68e7b6fc6616c0f84b1ba8b5",
      "reportId": null,
      "message": "New reservation request: Stephen P. Madero Jr. requested Discussion Room on 2025-10-12 (09:30 – 10:30 AM).",
      "status": "New",
      "type": "reservation",
      "targetRole": "admin",
      "isRead": false,
      "dismissed": false,
      "createdAt": "2025-10-09T13:22:04.746Z",
      "updatedAt": "2025-10-09T13:22:04.746Z",
      "__v": 0
    },
    {
      "_id": "68e7b7996616c0f84b1ba9fb",
      "userId": "686276c831a7906c7c643684",
      "reservationId": "68e7b6fc6616c0f84b1ba8b5",
      "reportId": null,
      "message": "Your reservation for Discussion Room on 2025-10-12 from 09:30 AM to 10:30 AM has been approved.",
      "status": "Approved",
      "type": "reservation",
      "targetRole": "user",
      "isRead": true,
      "dismissed": false,
      "createdAt": "2025-10-09T13:24:41.933Z",
      "updatedAt": "2025-10-09T15:08:55.432Z",
      "__v": 0
    },
    {
      "_id": "68e7b7aa6616c0f84b1baa34",
      "userId": "686276c831a7906c7c643684",
      "reservationId": "68e7b6fc6616c0f84b1ba8b5",
      "reportId": null,
      "message": "Your reservation for Discussion Room on 2025-10-12 from Unknown Time to Unknown Time has been ongoing.",
      "status": "Ongoing",
      "type": "reservation",
      "targetRole": "user",
      "isRead": true,
      "dismissed": false,
      "createdAt": "2025-10-09T13:24:58.825Z",
      "updatedAt": "2025-10-09T15:08:55.432Z",
      "__v": 0
    },
    {
      "_id": "68e7bc2bfdfa910881a862a2",
      "userId": "686276c831a7906c7c643684",
      "reservationId": "68e7b6fc6616c0f84b1ba8b5",
      "reportId": null,
      "message": "Your reservation for Discussion Room on 2025-10-12 from Unknown Time to Unknown Time has been completed.",
      "status": "New",
      "type": "reservation",
      "targetRole": "user",
      "isRead": true,
      "dismissed": false,
      "createdAt": "2025-10-09T13:44:11.272Z",
      "updatedAt": "2025-10-09T15:08:55.432Z",
      "__v": 0
    },
    {
      "_id": "68e7bc4ffdfa910881a8639b",
      "userId": "686276c831a7906c7c643684",
      "reservationId": "68e7bc4ffdfa910881a8638d",
      "reportId": null,
      "message": "Your reservation for Collaboration Room on 2025-10-15 from 09:30 to 10:30 AM is pending approval.",
      "status": "Pending",
      "type": "reservation",
      "targetRole": "user",
      "isRead": true,
      "dismissed": false,
      "createdAt": "2025-10-09T13:44:47.699Z",
      "updatedAt": "2025-10-09T15:08:55.432Z",
      "__v": 0
    },
    {
      "_id": "68e7bc4ffdfa910881a863a2",
      "userId": null,
      "reservationId": "68e7bc4ffdfa910881a8638d",
      "reportId": null,
      "message": "New reservation request: Stephen P. Madero Jr. requested Collaboration Room on 2025-10-15 (09:30 – 10:30 AM).",
      "status": "New",
      "type": "reservation",
      "targetRole": "admin",
      "isRead": false,
      "dismissed": false,
      "createdAt": "2025-10-09T13:44:47.844Z",
      "updatedAt": "2025-10-09T13:44:47.844Z",
      "__v": 0
    },
    {
      "_id": "68e7bc8bfdfa910881a864c2",
      "userId": "686276c831a7906c7c643684",
      "reservationId": "68e7bc4ffdfa910881a8638d",
      "reportId": null,
      "message": "Your reservation for Collaboration Room on 2025-10-15 from 09:30 AM to 10:30 AM has been approved.",
      "status": "Approved",
      "type": "reservation",
      "targetRole": "user",
      "isRead": true,
      "dismissed": false,
      "createdAt": "2025-10-09T13:45:47.348Z",
      "updatedAt": "2025-10-09T15:08:55.432Z",
      "__v": 0
    },
    {
      "_id": "68e7bca0fdfa910881a86500",
      "userId": "686276c831a7906c7c643684",
      "reservationId": "68e7bc4ffdfa910881a8638d",
      "reportId": null,
      "message": "Your reservation for Collaboration Room on 2025-10-15 from Unknown Time to Unknown Time has been ongoing.",
      "status": "Ongoing",
      "type": "reservation",
      "targetRole": "user",
      "isRead": true,
      "dismissed": false,
      "createdAt": "2025-10-09T13:46:09.000Z",
      "updatedAt": "2025-10-09T15:08:55.432Z",
      "__v": 0
    },
    {
      "_id": "68e7be0efdfa910881a8697c",
      "userId": "686276c831a7906c7c643684",
      "reservationId": "68e7bc4ffdfa910881a8638d",
      "reportId": null,
      "message": "Your reservation for Collaboration Room on 2025-10-15 from Unknown Time to Unknown Time has been completed.",
      "status": "New",
      "type": "reservation",
      "targetRole": "user",
      "isRead": true,
      "dismissed": false,
      "createdAt": "2025-10-09T13:52:14.005Z",
      "updatedAt": "2025-10-09T15:08:55.432Z",
      "__v": 0
    },
    {
      "_id": "68e7c0ec1f81dcf6f4d1278f",
      "userId": "686276c831a7906c7c643684",
      "reservationId": "68e7c0ec1f81dcf6f4d12781",
      "reportId": null,
      "message": "Your reservation for Collaboration Room on 2025-10-14 from 09:00 to 10:00 AM is pending approval.",
      "status": "Pending",
      "type": "reservation",
      "targetRole": "user",
      "isRead": true,
      "dismissed": false,
      "createdAt": "2025-10-09T14:04:28.677Z",
      "updatedAt": "2025-10-09T15:08:55.432Z",
      "__v": 0
    },
    {
      "_id": "68e7c0ec1f81dcf6f4d12796",
      "userId": null,
      "reservationId": "68e7c0ec1f81dcf6f4d12781",
      "reportId": null,
      "message": "New reservation request: Stephen P. Madero Jr. requested Collaboration Room on 2025-10-14 (09:00 – 10:00 AM).",
      "status": "New",
      "type": "reservation",
      "targetRole": "admin",
      "isRead": false,
      "dismissed": false,
      "createdAt": "2025-10-09T14:04:28.813Z",
      "updatedAt": "2025-10-09T14:04:28.813Z",
      "__v": 0
    },
    {
      "_id": "68e7c1391f81dcf6f4d12935",
      "userId": "686276c831a7906c7c643684",
      "reservationId": "68e7c0ec1f81dcf6f4d12781",
      "reportId": null,
      "message": "Your reservation for Collaboration Room on 2025-10-14 from 09:00 AM to 10:00 AM has been approved.",
      "status": "Approved",
      "type": "reservation",
      "targetRole": "user",
      "isRead": true,
      "dismissed": false,
      "createdAt": "2025-10-09T14:05:45.027Z",
      "updatedAt": "2025-10-09T15:08:55.432Z",
      "__v": 0
    },
    {
      "_id": "68e7c1e451615039082c834b",
      "userId": "686276c831a7906c7c643684",
      "reservationId": "68e7c0ec1f81dcf6f4d12781",
      "reportId": null,
      "message": "Your reservation for Collaboration Room on 2025-10-14 from Unknown Time to Unknown Time has been ongoing.",
      "status": "Ongoing",
      "type": "reservation",
      "targetRole": "user",
      "isRead": true,
      "dismissed": false,
      "createdAt": "2025-10-09T14:08:36.044Z",
      "updatedAt": "2025-10-10T08:10:28.981Z",
      "__v": 0
    },
    {
      "_id": "68e7ce16d23359513625644e",
      "userId": "686276c831a7906c7c643684",
      "reservationId": "68e7c0ec1f81dcf6f4d12781",
      "reportId": null,
      "message": "Your reservation for Collaboration Room on 2025-10-14 from Unknown Time to Unknown Time has been completed.",
      "status": "New",
      "type": "reservation",
      "targetRole": "user",
      "isRead": true,
      "dismissed": false,
      "createdAt": "2025-10-09T15:00:38.786Z",
      "updatedAt": "2025-10-10T08:10:28.281Z",
      "__v": 0
    },
    {
      "_id": "68e7db9b1ace292f222721d6",
      "userId": "686276c831a7906c7c643684",
      "reservationId": null,
      "reportId": null,
      "message": "Your account is not verified. Please contact support if you believe this is an error.",
      "status": "New",
      "type": "system",
      "targetRole": "user",
      "isRead": true,
      "dismissed": false,
      "createdAt": "2025-10-09T15:58:19.240Z",
      "updatedAt": "2025-10-09T15:58:23.384Z",
      "__v": 0
    },
    {
      "_id": "68e7dd471ace292f2227233d",
      "userId": "686276c831a7906c7c643684",
      "reservationId": null,
      "reportId": null,
      "message": "Your account is now verified.",
      "status": "New",
      "type": "system",
      "targetRole": "user",
      "isRead": true,
      "dismissed": false,
      "createdAt": "2025-10-09T16:05:27.579Z",
      "updatedAt": "2025-10-09T16:05:46.748Z",
      "__v": 0
    }
  ]
}