{
  "collection": "rooms",
  "count": 16,
  "timestamp": "2025-10-10T09:31:36.344Z",
  "data": [
    {
      "_id": "6865360f5d5b53a6503936ef",
      "room": "Discussion Room",
      "floor": "Ground Floor",
      "type": "General",
      "capacity": 6,
      "isActive": true,
      "__v": 0,
      "createdAt": "2025-07-02T13:37:19.367Z",
      "updatedAt": "2025-07-02T13:37:19.367Z"
    },
    {
      "_id": "6865360f5d5b53a6503936f0",
      "room": "Collaboration Room",
      "floor": "Ground Floor",
      "type": "General",
      "capacity": 6,
      "isActive": true,
      "__v": 0,
      "createdAt": "2025-07-02T13:37:19.368Z",
      "updatedAt": "2025-07-02T13:37:19.368Z"
    },
    {
      "_id": "6865360f5d5b53a6503936f1",
      "room": "Faculty Room",
      "floor": "Ground Floor",
      "type": "General",
      "capacity": 6,
      "isActive": true,
      "__v": 0,
      "createdAt": "2025-07-02T13:37:19.368Z",
      "updatedAt": "2025-07-02T13:37:19.368Z"
    },
    {
      "_id": "6865360f5d5b53a6503936f2",
      "room": "Graduate Hub Research Room",
      "floor": "Ground Floor",
      "type": "General",
      "capacity": 6,
      "isActive": true,
      "__v": 0,
      "createdAt": "2025-07-02T13:37:19.368Z",
      "updatedAt": "2025-07-02T13:37:19.368Z"
    },
    {
      "_id": "6865360f5d5b53a6503936f3",
      "room": "Discussion Room",
      "floor": "2nd Floor",
      "type": "General",
      "capacity": 8,
      "isActive": true,
      "__v": 0,
      "createdAt": "2025-07-02T13:37:19.369Z",
      "updatedAt": "2025-09-28T14:29:52.131Z",
      "features": {
        "wifi": false,
        "aircon": false,
        "projector": false,
        "monitor": false
      },
      "notes": ""
    },
    {
      "_id": "6865360f5d5b53a6503936f4",
      "room": "Collaboration Room",
      "floor": "2nd Floor",
      "type": "General",
      "capacity": 6,
      "isActive": true,
      "__v": 0,
      "createdAt": "2025-07-02T13:37:19.369Z",
      "updatedAt": "2025-07-02T13:37:19.369Z"
    },
    {
      "_id": "6865360f5d5b53a6503936f5",
      "room": "Faculty Room",
      "floor": "2nd Floor",
      "type": "General",
      "capacity": 6,
      "isActive": true,
      "__v": 0,
      "createdAt": "2025-07-02T13:37:19.369Z",
      "updatedAt": "2025-07-02T13:37:19.369Z"
    },
    {
      "_id": "6865360f5d5b53a6503936f6",
      "room": "Graduate Hub Research Room",
      "floor": "2nd Floor",
      "type": "General",
      "capacity": 6,
      "isActive": true,
      "__v": 0,
      "createdAt": "2025-07-02T13:37:19.369Z",
      "updatedAt": "2025-07-02T13:37:19.369Z"
    },
    {
      "_id": "6865360f5d5b53a6503936f7",
      "room": "Discussion Room",
      "floor": "4th Floor",
      "type": "General",
      "capacity": 6,
      "isActive": true,
      "__v": 0,
      "createdAt": "2025-07-02T13:37:19.369Z",
      "updatedAt": "2025-07-02T13:37:19.369Z"
    },
    {
      "_id": "6865360f5d5b53a6503936f8",
      "room": "Collaboration Room",
      "floor": "4th Floor",
      "type": "General",
      "capacity": 6,
      "isActive": true,
      "__v": 0,
      "createdAt": "2025-07-02T13:37:19.369Z",
      "updatedAt": "2025-09-28T15:18:28.913Z",
      "features": {
        "wifi": true,
        "aircon": true,
        "projector": false,
        "monitor": true
      },
      "notes": "meow\n"
    },
    {
      "_id": "6865360f5d5b53a6503936f9",
      "room": "Faculty Room",
      "floor": "4th Floor",
      "type": "General",
      "capacity": 6,
      "isActive": true,
      "__v": 0,
      "createdAt": "2025-07-02T13:37:19.369Z",
      "updatedAt": "2025-07-02T13:37:19.369Z"
    },
    {
      "_id": "6865360f5d5b53a6503936fa",
      "room": "Graduate Hub Research Room",
      "floor": "4th Floor",
      "type": "General",
      "capacity": 6,
      "isActive": true,
      "__v": 0,
      "createdAt": "2025-07-02T13:37:19.369Z",
      "updatedAt": "2025-07-02T13:37:19.369Z"
    },
    {
      "_id": "6865360f5d5b53a6503936fb",
      "room": "Discussion Room",
      "floor": "5th Floor",
      "type": "General",
      "capacity": 6,
      "isActive": true,
      "__v": 0,
      "createdAt": "2025-07-02T13:37:19.369Z",
      "updatedAt": "2025-07-02T13:37:19.369Z"
    },
    {
      "_id": "6865360f5d5b53a6503936fc",
      "room": "Collaboration Room",
      "floor": "5th Floor",
      "type": "General",
      "capacity": 6,
      "isActive": true,
      "__v": 0,
      "createdAt": "2025-07-02T13:37:19.369Z",
      "updatedAt": "2025-07-02T13:37:19.369Z"
    },
    {
      "_id": "6865360f5d5b53a6503936fd",
      "room": "Faculty Room",
      "floor": "5th Floor",
      "type": "General",
      "capacity": 6,
      "isActive": true,
      "__v": 0,
      "createdAt": "2025-07-02T13:37:19.369Z",
      "updatedAt": "2025-07-02T13:37:19.369Z"
    },
    {
      "_id": "6865360f5d5b53a6503936fe",
      "room": "Graduate Hub Research Room",
      "floor": "5th Floor",
      "type": "General",
      "capacity": 6,
      "isActive": true,
      "__v": 0,
      "createdAt": "2025-07-02T13:37:19.369Z",
      "updatedAt": "2025-07-02T13:37:19.369Z"
    }
  ]
}