{
  "collection": "announcements",
  "count": 2,
  "timestamp": "2025-10-11T12:58:04.935Z",
  "data": [
    {
      "_id": "68e39c3bf616eff143a979c8",
      "title": "hi",
      "message": "hellow",
      "type": "info",
      "priority": "medium",
      "isActive": true,
      "endDate": "2025-10-14T10:38:00.000Z",
      "targetAudience": "all",
      "createdBy": "65d8f1a9e4b3c1a2b3c4d5e6",
      "startDate": "2025-10-06T10:38:51.314Z",
      "dismissedBy": [
        {
          "user": "686276c831a7906c7c643684",
          "_id": "68e39c41f616eff143a97a7a",
          "dismissedAt": "2025-10-06T10:38:57.759Z"
        },
        {
          "user": "68dd51bbf54314e6547b703d",
          "_id": "68e39f3cbb4e03fac04bff81",
          "dismissedAt": "2025-10-06T10:51:40.461Z"
        }
      ],
      "createdAt": "2025-10-06T10:38:51.314Z",
      "updatedAt": "2025-10-06T10:51:40.463Z",
      "__v": 2
    },
    {
      "_id": "68e39c68f616eff143a97b04",
      "title": "Dear Crushiecake",
      "message": "Ako nalang pls",
      "type": "info",
      "priority": "medium",
      "isActive": true,
      "endDate": "2025-10-09T10:39:00.000Z",
      "targetAudience": "all",
      "createdBy": "65d8f1a9e4b3c1a2b3c4d5e6",
      "startDate": "2025-10-06T10:39:36.564Z",
      "dismissedBy": [
        {
          "user": "686276c831a7906c7c643684",
          "_id": "68e39c6ff616eff143a97bba",
          "dismissedAt": "2025-10-06T10:39:43.960Z"
        },
        {
          "user": "68dd51bbf54314e6547b703d",
          "_id": "68e39f3cbb4e03fac04bff84",
          "dismissedAt": "2025-10-06T10:51:40.468Z"
        }
      ],
      "createdAt": "2025-10-06T10:39:36.565Z",
      "updatedAt": "2025-10-06T10:51:40.470Z",
      "__v": 2
    }
  ]
}