{
  "collection": "archivedreports",
  "count": 16,
  "timestamp": "2025-10-11T12:58:09.134Z",
  "data": [
    {
      "_id": "68c2e083082943eaf0962f18",
      "originalReportId": "68c2df4a8c5484d2b0528786",
      "reportedBy": "Stephen P. Madero Jr.",
      "userId": "686276c831a7906c7c643684",
      "category": "Maintenance",
      "details": "wq",
      "floor": "Ground Floor",
      "room": "Faculty Room",
      "archivedAt": "2025-09-11T14:45:23.491Z",
      "createdAt": "2025-09-11T14:45:23.496Z",
      "updatedAt": "2025-09-11T14:45:23.496Z",
      "__v": 0
    },
    {
      "_id": "68c2e0db81bfeb5702af17e7",
      "originalReportId": "68693011bb760a576c0f49de",
      "reportedBy": "Stephen P. Madero Jr.",
      "userId": "686276c831a7906c7c643684",
      "category": "Equipment",
      "details": "dhfghfty",
      "floor": "2nd Floor",
      "room": "Faculty Room",
      "archivedAt": "2025-09-11T14:46:51.914Z",
      "createdAt": "2025-09-11T14:46:51.918Z",
      "updatedAt": "2025-09-11T14:46:51.918Z",
      "__v": 0
    },
    {
      "_id": "68c2e269998ce8b66561818c",
      "originalReportId": "6869472a98bc7a78e9373a59",
      "reportedBy": "Stephen P. Madero Jr.",
      "userId": "686276c831a7906c7c643684",
      "category": "Equipment",
      "details": "fgjhf",
      "floor": "4th Floor",
      "room": "Collaboration Room",
      "archivedAt": "2025-09-11T14:53:29.999Z",
      "createdAt": "2025-09-11T14:53:30.003Z",
      "updatedAt": "2025-09-11T14:53:30.003Z",
      "__v": 0
    },
    {
      "_id": "68c2e4a96e2f7663553c9f1e",
      "originalReportId": "686946daf6d4ce014a1830f7",
      "reportedBy": "Stephen P. Madero Jr.",
      "userId": "686276c831a7906c7c643684",
      "category": "Maintenance",
      "details": "rfghrfty",
      "floor": "4th Floor",
      "room": "Faculty Room",
      "archivedAt": "2025-09-11T15:03:05.833Z",
      "createdAt": "2025-09-11T15:03:05.838Z",
      "updatedAt": "2025-09-11T15:03:05.838Z",
      "__v": 0
    },
    {
      "_id": "68c2e544e2d1e693eef05735",
      "originalReportId": "686945a758b0a56cf3f5c783",
      "reportedBy": "Stephen P. Madero Jr.",
      "userId": "686276c831a7906c7c643684",
      "category": "Maintenance",
      "details": "asdsa",
      "floor": "2nd Floor",
      "room": "Graduate Hub Research",
      "archivedAt": "2025-09-11T15:05:40.126Z",
      "createdAt": "2025-09-11T15:05:40.130Z",
      "updatedAt": "2025-09-11T15:05:40.130Z",
      "__v": 0
    },
    {
      "_id": "68c2e635d743b64b89181cc1",
      "originalReportId": "686942816179d96e3a7cfacd",
      "reportedBy": "Stephen P. Madero Jr.",
      "userId": "686276c831a7906c7c643684",
      "category": "Maintenance",
      "details": "dssdg",
      "floor": "5th Floor",
      "room": "Faculty Room",
      "archivedAt": "2025-09-11T15:09:41.133Z",
      "createdAt": "2025-09-11T15:09:41.138Z",
      "updatedAt": "2025-09-11T15:09:41.138Z",
      "__v": 0
    },
    {
      "_id": "68c2e68bd743b64b89181cca",
      "originalReportId": "686944af6179d96e3a7cfad5",
      "reportedBy": "Stephen P. Madero Jr.",
      "userId": "686276c831a7906c7c643684",
      "category": "Maintenance",
      "details": "hi",
      "floor": "4th Floor",
      "room": "Graduate Hub Research",
      "archivedAt": "2025-09-11T15:11:07.353Z",
      "createdAt": "2025-09-11T15:11:07.354Z",
      "updatedAt": "2025-09-11T15:11:07.354Z",
      "__v": 0
    },
    {
      "_id": "68c2e73aba3abb122693b293",
      "originalReportId": "686940c76179d96e3a7cfa8f",
      "reportedBy": "Stephen P. Madero Jr.",
      "userId": "686276c831a7906c7c643684",
      "category": "Maintenance",
      "details": "sada",
      "floor": "2nd Floor",
      "room": "Faculty Room",
      "archivedAt": "2025-09-11T15:14:02.202Z",
      "createdAt": "2025-09-11T15:14:02.206Z",
      "updatedAt": "2025-09-11T15:14:02.206Z",
      "__v": 0
    },
    {
      "_id": "68c2e7b28e515ca756037b43",
      "originalReportId": "686919364038adff6e53f1db",
      "reportedBy": "Stephen P. Madero Jr.",
      "userId": "686276c831a7906c7c643684",
      "category": "Maintenance",
      "details": "hi",
      "floor": "2nd Floor",
      "room": "Discussion Room",
      "archivedAt": "2025-09-11T15:16:02.547Z",
      "createdAt": "2025-09-11T15:16:02.551Z",
      "updatedAt": "2025-09-11T15:16:02.551Z",
      "__v": 0
    },
    {
      "_id": "68c2e80ffdd14afdefdc3368",
      "originalReportId": "68691c818cb60fa8875cdd74",
      "reportedBy": "Stephen P. Madero Jr.",
      "userId": "686276c831a7906c7c643684",
      "category": "Maintenance",
      "details": "hiii",
      "floor": "2nd Floor",
      "room": "Discussion Room",
      "archivedAt": "2025-09-11T15:17:35.091Z",
      "createdAt": "2025-09-11T15:17:35.095Z",
      "updatedAt": "2025-09-11T15:17:35.095Z",
      "__v": 0
    },
    {
      "_id": "68c2e85ecff17720a48ed2c0",
      "originalReportId": "68691d0178424a0ff3bc9729",
      "reportedBy": "Stephen P. Madero Jr.",
      "userId": "686276c831a7906c7c643684",
      "category": "Equipment",
      "details": "hiiiiii",
      "floor": "Ground Floor",
      "room": "Discussion Room",
      "archivedAt": "2025-09-11T15:18:54.131Z",
      "createdAt": "2025-09-11T15:18:54.135Z",
      "updatedAt": "2025-09-11T15:18:54.135Z",
      "__v": 0
    },
    {
      "_id": "68c2e8a8cff17720a48ed2f1",
      "originalReportId": "68c2e89ecff17720a48ed2e9",
      "reportedBy": "Stephen P. Madero Jr.",
      "userId": "686276c831a7906c7c643684",
      "category": "Maintenance",
      "details": "ewrw",
      "floor": "2nd Floor",
      "room": "Discussion Room",
      "archivedAt": "2025-09-11T15:20:08.261Z",
      "createdAt": "2025-09-11T15:20:08.261Z",
      "updatedAt": "2025-09-11T15:20:08.261Z",
      "__v": 0
    },
    {
      "_id": "68c2e9ccd194208c5cdffd69",
      "originalReportId": "68691d9f9a23c972e95a03d1",
      "reportedBy": "Stephen P. Madero Jr.",
      "userId": "686276c831a7906c7c643684",
      "category": "Equipment",
      "details": "hi",
      "floor": "Ground Floor",
      "room": "Faculty Room",
      "archivedAt": "2025-09-11T15:25:00.292Z",
      "createdAt": "2025-09-11T15:25:00.296Z",
      "updatedAt": "2025-09-11T15:25:00.296Z",
      "__v": 0
    },
    {
      "_id": "68c2ea07ef9a74b0387ad55c",
      "originalReportId": "68691e2f9e80bcf8ef3b69d5",
      "reportedBy": "Stephen P. Madero Jr.",
      "userId": "686276c831a7906c7c643684",
      "category": "Equipment",
      "details": "adgwse",
      "floor": "Ground Floor",
      "room": "Faculty Room",
      "archivedAt": "2025-09-11T15:25:59.727Z",
      "createdAt": "2025-09-11T15:25:59.731Z",
      "updatedAt": "2025-09-11T15:25:59.731Z",
      "__v": 0
    },
    {
      "_id": "68c2eaab18021197d31e8819",
      "originalReportId": "68691f5496b7ea9972908387",
      "reportedBy": "Stephen P. Madero Jr.",
      "userId": "686276c831a7906c7c643684",
      "category": "Equipment",
      "details": "s",
      "floor": "Ground Floor",
      "room": "Faculty Room",
      "archivedAt": "2025-09-11T15:28:43.084Z",
      "createdAt": "2025-09-11T15:28:43.088Z",
      "updatedAt": "2025-09-11T15:28:43.088Z",
      "__v": 0
    },
    {
      "_id": "68c2eb06def4b205ce0f2596",
      "originalReportId": "686926dcc64304699415fbc8",
      "reportedBy": "Stephen P. Madero Jr.",
      "userId": "686276c831a7906c7c643684",
      "category": "Equipment",
      "details": "ytgu",
      "floor": "2nd Floor",
      "room": "Faculty Room",
      "archivedAt": "2025-09-11T15:30:14.412Z",
      "createdAt": "2025-09-11T15:30:14.413Z",
      "updatedAt": "2025-09-11T15:30:14.413Z",
      "__v": 0
    }
  ]
}