{
  "collection": "messages",
  "count": 28,
  "timestamp": "2025-10-11T12:58:07.759Z",
  "data": [
    {
      "_id": "68ea2139331a17bef74605e4",
      "sender": "686276c831a7906c7c643684",
      "receiver": "Second Floor",
      "content": "hi",
      "senderType": "user",
      "floor": "Second Floor",
      "read": true,
      "createdAt": "2025-10-11T09:19:53.988Z",
      "__v": 0,
      "readAt": "2025-10-11T09:20:02.231Z"
    },
    {
      "_id": "68ea2142331a17bef7460618",
      "sender": "68d53c6de2f0cd418d0fdd19",
      "receiver": "686276c831a7906c7c643684",
      "content": "hello",
      "senderType": "staff",
      "displayName": "Second Floor Staff",
      "floor": "Second Floor",
      "read": true,
      "createdAt": "2025-10-11T09:20:02.088Z",
      "__v": 0,
      "readAt": "2025-10-11T09:20:10.423Z"
    },
    {
      "_id": "68ea214b331a17bef7460679",
      "sender": "686276c831a7906c7c643684",
      "receiver": "Second Floor",
      "content": "kamusta na you",
      "senderType": "user",
      "floor": "Second Floor",
      "read": true,
      "createdAt": "2025-10-11T09:20:11.705Z",
      "__v": 0,
      "readAt": "2025-10-11T09:20:17.596Z"
    },
    {
      "_id": "68ea2151331a17bef7460698",
      "sender": "68d53c6de2f0cd418d0fdd19",
      "receiver": "686276c831a7906c7c643684",
      "content": "oks lang den",
      "senderType": "staff",
      "displayName": "Second Floor Staff",
      "floor": "Second Floor",
      "read": true,
      "createdAt": "2025-10-11T09:20:17.464Z",
      "__v": 0,
      "readAt": "2025-10-11T09:20:29.504Z"
    },
    {
      "_id": "68ea21bb331a17bef74609fb",
      "sender": "68d53c6de2f0cd418d0fdd19",
      "receiver": "686276c831a7906c7c643684",
      "content": "hi",
      "senderType": "staff",
      "displayName": "Second Floor Staff",
      "floor": "Second Floor",
      "read": true,
      "createdAt": "2025-10-11T09:22:03.237Z",
      "__v": 0,
      "readAt": "2025-10-11T09:22:22.711Z"
    },
    {
      "_id": "68ea21cf331a17bef7460d6d",
      "sender": "686276c831a7906c7c643684",
      "receiver": "Second Floor",
      "content": "hello",
      "senderType": "user",
      "floor": "Second Floor",
      "read": true,
      "createdAt": "2025-10-11T09:22:23.911Z",
      "__v": 0,
      "readAt": "2025-10-11T11:14:38.084Z"
    },
    {
      "_id": "68ea221b331a17bef7460e59",
      "sender": "686276c831a7906c7c643684",
      "receiver": "Ground Floor",
      "content": "hi",
      "senderType": "user",
      "floor": "Ground Floor",
      "read": false,
      "createdAt": "2025-10-11T09:23:39.417Z",
      "__v": 0
    },
    {
      "_id": "68ea3c1d59c401013dac1436",
      "sender": "68d53c6de2f0cd418d0fdd19",
      "receiver": "686276c831a7906c7c643684",
      "content": "ashdfashf",
      "senderType": "staff",
      "displayName": "Second Floor Staff",
      "floor": "Second Floor",
      "read": true,
      "createdAt": "2025-10-11T11:14:37.944Z",
      "__v": 0,
      "readAt": "2025-10-11T11:15:04.320Z"
    },
    {
      "_id": "68ea3c4359c401013dac16a2",
      "sender": "686276c831a7906c7c643684",
      "receiver": "Second Floor",
      "content": "helo",
      "senderType": "user",
      "floor": "Second Floor",
      "read": true,
      "createdAt": "2025-10-11T11:15:15.077Z",
      "__v": 0,
      "readAt": "2025-10-11T11:57:20.335Z"
    },
    {
      "_id": "68ea4475056de8ad1ca1c3a8",
      "sender": "686276c831a7906c7c643684",
      "receiver": "Second Floor",
      "content": "hi",
      "senderType": "user",
      "floor": "Second Floor",
      "read": true,
      "createdAt": "2025-10-11T11:50:13.618Z",
      "__v": 0,
      "readAt": "2025-10-11T11:57:20.335Z"
    },
    {
      "_id": "68ea461a430e891d09ee889a",
      "sender": "686276c831a7906c7c643684",
      "receiver": "Second Floor",
      "content": "hi",
      "senderType": "user",
      "floor": "Second Floor",
      "read": true,
      "createdAt": "2025-10-11T11:57:14.941Z",
      "__v": 0,
      "readAt": "2025-10-11T11:57:20.335Z"
    },
    {
      "_id": "68ea4620430e891d09ee88d3",
      "sender": "68d53c6de2f0cd418d0fdd19",
      "receiver": "686276c831a7906c7c643684",
      "content": "hello",
      "senderType": "staff",
      "displayName": "Second Floor Staff",
      "floor": "Second Floor",
      "read": true,
      "createdAt": "2025-10-11T11:57:20.193Z",
      "__v": 0,
      "readAt": "2025-10-11T12:44:00.322Z"
    },
    {
      "_id": "68ea47e3500d19ac58974478",
      "sender": "admin",
      "receiver": "68d53c6de2f0cd418d0fdd19",
      "content": "hi",
      "senderType": "admin",
      "displayName": "Admin",
      "read": true,
      "createdAt": "2025-10-11T12:04:51.011Z",
      "__v": 0,
      "readAt": "2025-10-11T12:08:28.197Z"
    },
    {
      "_id": "68ea4856500d19ac5897454d",
      "sender": "admin",
      "receiver": "686276c831a7906c7c643684",
      "content": "hi",
      "senderType": "admin",
      "displayName": "Admin",
      "read": true,
      "createdAt": "2025-10-11T12:06:46.446Z",
      "__v": 0,
      "readAt": "2025-10-11T12:44:00.322Z"
    },
    {
      "_id": "68ea49182802c6b1cb4de16b",
      "sender": "admin",
      "receiver": "686276c831a7906c7c643684",
      "content": "hi",
      "senderType": "admin",
      "displayName": "Admin",
      "read": true,
      "createdAt": "2025-10-11T12:10:00.704Z",
      "__v": 0,
      "readAt": "2025-10-11T12:44:00.322Z"
    },
    {
      "_id": "68ea4a8e3ceb7cb31ecb71e9",
      "sender": "admin",
      "receiver": "686276c831a7906c7c643684",
      "content": "hi",
      "senderType": "admin",
      "displayName": "Admin",
      "read": true,
      "createdAt": "2025-10-11T12:16:14.249Z",
      "__v": 0,
      "readAt": "2025-10-11T12:44:00.322Z"
    },
    {
      "_id": "68ea4dc63badc98b26818e3f",
      "sender": "admin",
      "receiver": "686aa7d65134212deed2a709",
      "content": "hi",
      "senderType": "admin",
      "displayName": "Admin",
      "read": false,
      "createdAt": "2025-10-11T12:29:58.724Z",
      "__v": 0
    },
    {
      "_id": "68ea4e603badc98b26818fcb",
      "sender": "admin",
      "receiver": "686aa7d65134212deed2a709",
      "content": "asdfasfd",
      "senderType": "admin",
      "displayName": "Admin",
      "read": false,
      "createdAt": "2025-10-11T12:32:32.013Z",
      "__v": 0
    },
    {
      "_id": "68ea4e633badc98b26818fde",
      "sender": "admin",
      "receiver": "686276c831a7906c7c643684",
      "content": "meow",
      "senderType": "admin",
      "displayName": "Admin",
      "read": true,
      "createdAt": "2025-10-11T12:32:35.627Z",
      "__v": 0,
      "readAt": "2025-10-11T12:44:00.322Z"
    },
    {
      "_id": "68ea4e743badc98b2681904b",
      "sender": "686276c831a7906c7c643684",
      "receiver": "Ground Floor",
      "content": "hi",
      "senderType": "user",
      "floor": "Ground Floor",
      "read": false,
      "createdAt": "2025-10-11T12:32:52.619Z",
      "__v": 0
    },
    {
      "_id": "68ea50ecdfd748e8e75ecc3e",
      "sender": "686276c831a7906c7c643684",
      "receiver": "Ground Floor",
      "content": "hi",
      "senderType": "user",
      "floor": "Ground Floor",
      "read": false,
      "createdAt": "2025-10-11T12:43:24.017Z",
      "__v": 0
    },
    {
      "_id": "68ea5112dfd748e8e75eccd9",
      "sender": "68d53c6de2f0cd418d0fdd19",
      "receiver": "686276c831a7906c7c643684",
      "content": "hi",
      "senderType": "staff",
      "displayName": "Second Floor Staff",
      "floor": "Second Floor",
      "read": true,
      "createdAt": "2025-10-11T12:44:02.039Z",
      "__v": 0,
      "readAt": "2025-10-11T12:44:10.989Z"
    },
    {
      "_id": "68ea5141363c2b4479b51c91",
      "sender": "68d53c6de2f0cd418d0fdd19",
      "receiver": "686276c831a7906c7c643684",
      "content": "hi",
      "senderType": "staff",
      "displayName": "Second Floor Staff",
      "floor": "Second Floor",
      "read": true,
      "createdAt": "2025-10-11T12:44:49.113Z",
      "__v": 0,
      "readAt": "2025-10-11T12:51:22.058Z"
    },
    {
      "_id": "68ea52bd95ed0a5d4e2fb580",
      "sender": "686276c831a7906c7c643684",
      "receiver": "Ground Floor",
      "content": "hi",
      "senderType": "user",
      "floor": "Ground Floor",
      "read": false,
      "createdAt": "2025-10-11T12:51:09.432Z",
      "__v": 0
    },
    {
      "_id": "68ea52c695ed0a5d4e2fb59b",
      "sender": "686276c831a7906c7c643684",
      "receiver": "Ground Floor",
      "content": "hello",
      "senderType": "user",
      "floor": "Ground Floor",
      "read": false,
      "createdAt": "2025-10-11T12:51:18.815Z",
      "__v": 0
    },
    {
      "_id": "68ea52cf95ed0a5d4e2fb5fd",
      "sender": "686276c831a7906c7c643684",
      "receiver": "Second Floor",
      "content": "hi",
      "senderType": "user",
      "floor": "Second Floor",
      "read": true,
      "createdAt": "2025-10-11T12:51:27.360Z",
      "__v": 0,
      "readAt": "2025-10-11T12:51:33.634Z"
    },
    {
      "_id": "68ea52d595ed0a5d4e2fb614",
      "sender": "68d53c6de2f0cd418d0fdd19",
      "receiver": "686276c831a7906c7c643684",
      "content": "hello",
      "senderType": "staff",
      "displayName": "Second Floor Staff",
      "floor": "Second Floor",
      "read": false,
      "createdAt": "2025-10-11T12:51:33.445Z",
      "__v": 0
    },
    {
      "_id": "68ea52e495ed0a5d4e2fb6bc",
      "sender": "admin",
      "receiver": "686276c831a7906c7c643684",
      "content": "meow",
      "senderType": "admin",
      "displayName": "Admin",
      "read": false,
      "createdAt": "2025-10-11T12:51:48.109Z",
      "__v": 0
    }
  ]
}