{
  "collection": "reservations",
  "count": 4,
  "timestamp": "2025-10-11T12:58:07.481Z",
  "data": [
    {
      "_id": "68e15ec7f8b014797cfa1592",
      "userId": "686276c831a7906c7c643684",
      "room_Id": "6865360f5d5b53a6503936fc",
      "datetime": "2025-10-06T01:00:00.000Z",
      "endDatetime": "2025-10-06T02:00:00.000Z",
      "date": "2025-10-06",
      "numUsers": 5,
      "purpose": "testing",
      "location": "5th Floor",
      "roomName": "Collaboration Room",
      "participants": [
        {
          "name": "Stephen P. Madero Jr.",
          "course": "Bachelor of Science in Information Technology",
          "year_level": "4th Year",
          "department": "CLASE",
          "id_number": "2022000099",
          "_id": "68e15ec7f8b014797cfa1593"
        },
        {
          "name": "Suheila Belle Morales",
          "course": "Bachelor of Science in Information Technology",
          "year_level": "4th Year",
          "department": "CLASE",
          "id_number": "2022003940",
          "_id": "68e15ec7f8b014797cfa1594"
        },
        {
          "name": "Louis Miguel Parreno",
          "course": "Bachelor of Science in Information Technology",
          "year_level": "4th Year",
          "department": "CLASE",
          "id_number": "2022002517",
          "_id": "68e15ec7f8b014797cfa1595"
        },
        {
          "name": "Patrick Miguel Andrade",
          "course": "Bachelor of Science in Information Technology",
          "year_level": "4th Year",
          "department": "CLASE",
          "id_number": "2022000615",
          "_id": "68e15ec7f8b014797cfa1596"
        }
      ],
      "status": "Rejected",
      "archived": false,
      "notificationSent": false,
      "lastNotificationType": null,
      "checkedIn": false,
      "extensionRequested": false,
      "extensionHours": null,
      "extensionStatus": null,
      "extendedEndDatetime": null,
      "createdAt": "2025-10-04T17:52:07.602Z",
      "updatedAt": "2025-10-04T18:58:23.484Z",
      "__v": 0
    },
    {
      "_id": "68e16e96fcb99b35145c8da1",
      "userId": "686276c831a7906c7c643684",
      "room_Id": "6865360f5d5b53a6503936f0",
      "datetime": "2025-10-23T02:30:00.000Z",
      "endDatetime": "2025-10-23T03:30:00.000Z",
      "date": "2025-10-23",
      "numUsers": 5,
      "purpose": "graph testing",
      "location": "Ground Floor",
      "roomName": "Collaboration Room",
      "participants": [
        {
          "name": "Stephen P. Madero Jr.",
          "course": "Bachelor of Science in Information Technology",
          "year_level": "4th Year",
          "department": "CLASE",
          "id_number": "2022000099",
          "_id": "68e16e96fcb99b35145c8da2"
        },
        {
          "name": "Suheila Belle Morales",
          "course": "Bachelor of Science in Information Technology",
          "year_level": "4th Year",
          "department": "CLASE",
          "id_number": "2022003940",
          "_id": "68e16e96fcb99b35145c8da3"
        },
        {
          "name": "Louis Miguel Parreno",
          "course": "Bachelor of Science in Information Technology",
          "year_level": "4th Year",
          "department": "CLASE",
          "id_number": "2022002517",
          "_id": "68e16e96fcb99b35145c8da4"
        },
        {
          "name": "Patrick Miguel Andrade",
          "course": "Bachelor of Science in Information Technology",
          "year_level": "4th Year",
          "department": "CLASE",
          "id_number": "2022000615",
          "_id": "68e16e96fcb99b35145c8da5"
        }
      ],
      "status": "Completed",
      "archived": false,
      "notificationSent": false,
      "lastNotificationType": null,
      "checkedIn": false,
      "extensionRequested": false,
      "extensionHours": null,
      "extensionStatus": null,
      "extendedEndDatetime": null,
      "createdAt": "2025-10-04T18:59:34.154Z",
      "updatedAt": "2025-10-06T15:24:19.154Z",
      "__v": 0,
      "actualStartTime": "2025-10-06T13:36:59.103Z",
      "actualEndTime": "2025-10-06T15:24:19.152Z"
    },
    {
      "_id": "68e27ba98b343909b61ae882",
      "userId": "686276c831a7906c7c643684",
      "room_Id": "6865360f5d5b53a6503936ef",
      "datetime": "2025-10-22T01:30:00.000Z",
      "endDatetime": "2025-10-22T04:30:00.000Z",
      "date": "2025-10-22",
      "numUsers": 5,
      "purpose": "testing",
      "location": "Ground Floor",
      "roomName": "Discussion Room",
      "participants": [
        {
          "name": "Stephen P. Madero Jr.",
          "course": "Bachelor of Science in Information Technology",
          "year_level": "4th Year",
          "department": "CLASE",
          "id_number": "2022000099",
          "_id": "68e27ba98b343909b61ae883"
        },
        {
          "name": "Suheila Belle Morales",
          "course": "Bachelor of Science in Information Technology",
          "year_level": "4th Year",
          "department": "CLASE",
          "id_number": "2022003940",
          "_id": "68e27ba98b343909b61ae884"
        },
        {
          "name": "Louis Miguel Parreno",
          "course": "Bachelor of Science in Information Technology",
          "year_level": "4th Year",
          "department": "CLASE",
          "id_number": "2022002517",
          "_id": "68e27ba98b343909b61ae885"
        },
        {
          "name": "Patrick Miguel Andrade",
          "course": "Bachelor of Science in Information Technology",
          "year_level": "4th Year",
          "department": "CLASE",
          "id_number": "2022000615",
          "_id": "68e27ba98b343909b61ae886"
        }
      ],
      "status": "Completed",
      "archived": false,
      "notificationSent": false,
      "lastNotificationType": null,
      "checkedIn": false,
      "extensionRequested": true,
      "extensionHours": 0,
      "extensionStatus": "Approved",
      "extendedEndDatetime": "2025-10-22T04:30:00.000Z",
      "createdAt": "2025-10-05T14:07:37.910Z",
      "updatedAt": "2025-10-08T14:16:22.864Z",
      "__v": 0,
      "actualStartTime": "2025-10-06T14:44:33.720Z",
      "extensionMinutes": 0,
      "extensionType": "continuous",
      "maxExtendedEndDatetime": "2025-10-22T04:30:00.000Z",
      "actualEndTime": "2025-10-08T14:16:22.863Z"
    },
    {
      "_id": "68e7a5d2244d07576ccd5f1e",
      "userId": "686276c831a7906c7c643684",
      "room_Id": "6865360f5d5b53a6503936f0",
      "roomName": "Collaboration Room",
      "location": "Ground Floor",
      "purpose": "testing",
      "datetime": "2025-10-10T00:00:00.000Z",
      "endDatetime": "2025-10-10T03:00:00.000Z",
      "date": "2025-10-10",
      "numUsers": 5,
      "participants": [
        {
          "name": "Stephen P. Madero Jr.",
          "id_number": "2022000099",
          "course": "Bachelor of Science in Information Technology",
          "year_level": "4th Year",
          "department": "CLASE",
          "_id": "68e7a5d2244d07576ccd5f1f"
        },
        {
          "name": "Suheila Belle Morales",
          "id_number": "2022003940",
          "course": "Bachelor of Science in Information Technology",
          "year_level": "4th Year",
          "department": "CLASE",
          "_id": "68e7a5d2244d07576ccd5f20"
        },
        {
          "name": "Louis Miguel Parreno",
          "id_number": "2022002517",
          "course": "Bachelor of Science in Information Technology",
          "year_level": "4th Year",
          "department": "CLASE",
          "_id": "68e7a5d2244d07576ccd5f21"
        },
        {
          "name": "Patrick Miguel Andrade",
          "id_number": "2022000615",
          "course": "Bachelor of Science in Information Technology",
          "year_level": "4th Year",
          "department": "CLASE",
          "_id": "68e7a5d2244d07576ccd5f22"
        }
      ],
      "status": "Completed",
      "extensionRequested": true,
      "extensionStatus": "Approved",
      "extensionType": "continuous",
      "createdAt": "2025-10-09T12:08:50.122Z",
      "updatedAt": "2025-10-09T12:16:30.421Z",
      "__v": 0,
      "actualStartTime": "2025-10-09T12:12:47.498Z",
      "extendedEndDatetime": "2025-10-10T03:00:00.000Z",
      "extensionHours": 0,
      "extensionMinutes": 0,
      "maxExtendedEndDatetime": "2025-10-10T03:00:00.000Z",
      "actualEndTime": "2025-10-09T12:16:30.421Z"
    }
  ]
}