{
  "collection": "systemsettings",
  "count": 1,
  "timestamp": "2025-10-11T12:58:07.578Z",
  "data": [
    {
      "_id": "68e2555d829e0946c25161e3",
      "maintenanceMode": false,
      "maintenanceMessage": "Ang system neto ay hindi available",
      "allowAdminAccess": true,
      "autoBackup": true,
      "backupFrequency": "monthly",
      "announcementEnabled": true,
      "announcementText": "",
      "announcementExpires": null,
      "createdAt": "2025-10-05T11:24:13.321Z",
      "updatedAt": "2025-10-10T09:29:49.093Z",
      "__v": 0
    }
  ]
}