{
  "timestamp": "2025-10-20T14:12:24.866Z",
  "database": "USA-FLD",
  "collections": [
    {
      "name": "admins",
      "count": 1,
      "status": "backed_up"
    },
    {
      "name": "reports",
      "count": 51,
      "status": "backed_up"
    },
    {
      "name": "rooms",
      "count": 10,
      "status": "backed_up"
    },
    {
      "name": "backups",
      "count": 2,
      "status": "backed_up"
    },
    {
      "name": "announcements",
      "count": 4,
      "status": "backed_up"
    },
    {
      "name": "news",
      "count": 9,
      "status": "backed_up"
    },
    {
      "name": "users",
      "count": 14,
      "status": "backed_up"
    },
    {
      "name": "archivedreservations",
      "count": 22,
      "status": "backed_up"
    },
    {
      "name": "archivedusers",
      "count": 1,
      "status": "backed_up"
    },
    {
      "name": "counters",
      "count": 0,
      "status": "backed_up"
    },
    {
      "name": "reservations",
      "count": 10,
      "status": "backed_up"
    },
    {
      "name": "systemsettings",
      "count": 1,
      "status": "backed_up"
    },
    {
      "name": "messages",
      "count": 77,
      "status": "backed_up"
    },
    {
      "name": "notifications",
      "count": 395,
      "status": "backed_up"
    },
    {
      "name": "archivedreports",
      "count": 16,
      "status": "backed_up"
    },
    {
      "name": "logs",
      "count": 729,
      "status": "backed_up"
    }
  ]
}