{
  "collection": "announcements",
  "count": 4,
  "timestamp": "2025-10-20T14:12:23.613Z",
  "data": [
    {
      "_id": "68e39c3bf616eff143a979c8",
      "title": "hi",
      "message": "hellow",
      "type": "info",
      "priority": "medium",
      "isActive": true,
      "endDate": "2025-10-14T10:38:00.000Z",
      "targetAudience": "all",
      "createdBy": "65d8f1a9e4b3c1a2b3c4d5e6",
      "startDate": "2025-10-06T10:38:51.314Z",
      "dismissedBy": [
        {
          "user": "686276c831a7906c7c643684",
          "_id": "68e39c41f616eff143a97a7a",
          "dismissedAt": "2025-10-06T10:38:57.759Z"
        },
        {
          "user": "68dd51bbf54314e6547b703d",
          "_id": "68e39f3cbb4e03fac04bff81",
          "dismissedAt": "2025-10-06T10:51:40.461Z"
        },
        {
          "user": "68ea86b04582a6e14fa6f6b6",
          "_id": "68ea87034582a6e14fa6f6ff",
          "dismissedAt": "2025-10-11T16:34:11.244Z"
        },
        {
          "user": "68eba93ccb385a50412382c1",
          "_id": "68eba9a8cb385a5041238314",
          "dismissedAt": "2025-10-12T13:14:16.705Z"
        },
        {
          "user": "6859f263ab432956b1c1b617",
          "_id": "68ecbbcd5e32f6973bfedd2e",
          "dismissedAt": "2025-10-13T08:43:57.660Z"
        },
        {
          "user": "686aa7d65134212deed2a709",
          "_id": "68ecbbe65e32f6973bfede31",
          "dismissedAt": "2025-10-13T08:44:22.304Z"
        }
      ],
      "createdAt": "2025-10-06T10:38:51.314Z",
      "updatedAt": "2025-10-13T08:44:22.305Z",
      "__v": 6
    },
    {
      "_id": "68e39c68f616eff143a97b04",
      "title": "Dear Crushiecake",
      "message": "Ako nalang pls",
      "type": "info",
      "priority": "medium",
      "isActive": true,
      "endDate": "2025-10-09T10:39:00.000Z",
      "targetAudience": "all",
      "createdBy": "65d8f1a9e4b3c1a2b3c4d5e6",
      "startDate": "2025-10-06T10:39:36.564Z",
      "dismissedBy": [
        {
          "user": "686276c831a7906c7c643684",
          "_id": "68e39c6ff616eff143a97bba",
          "dismissedAt": "2025-10-06T10:39:43.960Z"
        },
        {
          "user": "68dd51bbf54314e6547b703d",
          "_id": "68e39f3cbb4e03fac04bff84",
          "dismissedAt": "2025-10-06T10:51:40.468Z"
        }
      ],
      "createdAt": "2025-10-06T10:39:36.565Z",
      "updatedAt": "2025-10-06T10:51:40.470Z",
      "__v": 2
    },
    {
      "_id": "68f28bd817257f99e1b84df3",
      "title": "Be careful of phising email",
      "message": "We never want to give you free money, stay safe and don't be a loser",
      "type": "info",
      "priority": "medium",
      "isActive": true,
      "endDate": "2025-10-17T18:34:00.000Z",
      "targetAudience": "all",
      "createdBy": "65d8f1a9e4b3c1a2b3c4d5e6",
      "startDate": "2025-10-17T18:32:56.592Z",
      "dismissedBy": [
        {
          "user": "686276c831a7906c7c643684",
          "_id": "68f28be017257f99e1b84fdd",
          "dismissedAt": "2025-10-17T18:33:04.309Z"
        }
      ],
      "createdAt": "2025-10-17T18:32:56.593Z",
      "updatedAt": "2025-10-17T18:33:04.311Z",
      "__v": 1
    },
    {
      "_id": "68f52de428cc1290d52369a6",
      "title": "Welcome to CircuLink!",
      "message": "We are excited to welcome all students, faculty, and staff of the University of San Agustin – Fray De Leon Learning Resource Center to CircuLink, our new digital system designed to streamline communication, reservations, and information sharing within the LRC community.\n\nExplore the features, stay updated with announcements, and connect seamlessly with the LRC team. Together, let’s embrace a more connected and efficient campus experience through CircuLink!\n\nWelcome aboard, Augustinians! 💛❤️",
      "type": "info",
      "priority": "medium",
      "isActive": true,
      "endDate": "2025-10-26T18:28:52.486Z",
      "targetAudience": "all",
      "createdBy": "65d8f1a9e4b3c1a2b3c4d5e6",
      "startDate": "2025-10-19T18:28:52.491Z",
      "dismissedBy": [
        {
          "user": "68f52ce1daeea006c7ab963d",
          "_id": "68f5f5f6d1d4c48ccfab2a79",
          "dismissedAt": "2025-10-20T08:42:30.068Z"
        }
      ],
      "createdAt": "2025-10-19T18:28:52.492Z",
      "updatedAt": "2025-10-20T08:42:30.070Z",
      "__v": 1
    }
  ]
}