{
  "collection": "messages",
  "count": 77,
  "timestamp": "2025-10-20T14:12:24.226Z",
  "data": [
    {
      "_id": "68ea2139331a17bef74605e4",
      "sender": "686276c831a7906c7c643684",
      "receiver": "Second Floor",
      "content": "hi",
      "senderType": "user",
      "floor": "Second Floor",
      "read": true,
      "createdAt": "2025-10-11T09:19:53.988Z",
      "__v": 0,
      "readAt": "2025-10-11T09:20:02.231Z"
    },
    {
      "_id": "68ea2142331a17bef7460618",
      "sender": "68d53c6de2f0cd418d0fdd19",
      "receiver": "686276c831a7906c7c643684",
      "content": "hello",
      "senderType": "staff",
      "displayName": "Second Floor Staff",
      "floor": "Second Floor",
      "read": true,
      "createdAt": "2025-10-11T09:20:02.088Z",
      "__v": 0,
      "readAt": "2025-10-11T09:20:10.423Z"
    },
    {
      "_id": "68ea214b331a17bef7460679",
      "sender": "686276c831a7906c7c643684",
      "receiver": "Second Floor",
      "content": "kamusta na you",
      "senderType": "user",
      "floor": "Second Floor",
      "read": true,
      "createdAt": "2025-10-11T09:20:11.705Z",
      "__v": 0,
      "readAt": "2025-10-11T09:20:17.596Z"
    },
    {
      "_id": "68ea2151331a17bef7460698",
      "sender": "68d53c6de2f0cd418d0fdd19",
      "receiver": "686276c831a7906c7c643684",
      "content": "oks lang den",
      "senderType": "staff",
      "displayName": "Second Floor Staff",
      "floor": "Second Floor",
      "read": true,
      "createdAt": "2025-10-11T09:20:17.464Z",
      "__v": 0,
      "readAt": "2025-10-11T09:20:29.504Z"
    },
    {
      "_id": "68ea21bb331a17bef74609fb",
      "sender": "68d53c6de2f0cd418d0fdd19",
      "receiver": "686276c831a7906c7c643684",
      "content": "hi",
      "senderType": "staff",
      "displayName": "Second Floor Staff",
      "floor": "Second Floor",
      "read": true,
      "createdAt": "2025-10-11T09:22:03.237Z",
      "__v": 0,
      "readAt": "2025-10-11T09:22:22.711Z"
    },
    {
      "_id": "68ea21cf331a17bef7460d6d",
      "sender": "686276c831a7906c7c643684",
      "receiver": "Second Floor",
      "content": "hello",
      "senderType": "user",
      "floor": "Second Floor",
      "read": true,
      "createdAt": "2025-10-11T09:22:23.911Z",
      "__v": 0,
      "readAt": "2025-10-11T11:14:38.084Z"
    },
    {
      "_id": "68ea221b331a17bef7460e59",
      "sender": "686276c831a7906c7c643684",
      "receiver": "Ground Floor",
      "content": "hi",
      "senderType": "user",
      "floor": "Ground Floor",
      "read": true,
      "createdAt": "2025-10-11T09:23:39.417Z",
      "__v": 0,
      "readAt": "2025-10-15T16:58:30.077Z"
    },
    {
      "_id": "68ea3c1d59c401013dac1436",
      "sender": "68d53c6de2f0cd418d0fdd19",
      "receiver": "686276c831a7906c7c643684",
      "content": "ashdfashf",
      "senderType": "staff",
      "displayName": "Second Floor Staff",
      "floor": "Second Floor",
      "read": true,
      "createdAt": "2025-10-11T11:14:37.944Z",
      "__v": 0,
      "readAt": "2025-10-11T11:15:04.320Z"
    },
    {
      "_id": "68ea3c4359c401013dac16a2",
      "sender": "686276c831a7906c7c643684",
      "receiver": "Second Floor",
      "content": "helo",
      "senderType": "user",
      "floor": "Second Floor",
      "read": true,
      "createdAt": "2025-10-11T11:15:15.077Z",
      "__v": 0,
      "readAt": "2025-10-11T11:57:20.335Z"
    },
    {
      "_id": "68ea4475056de8ad1ca1c3a8",
      "sender": "686276c831a7906c7c643684",
      "receiver": "Second Floor",
      "content": "hi",
      "senderType": "user",
      "floor": "Second Floor",
      "read": true,
      "createdAt": "2025-10-11T11:50:13.618Z",
      "__v": 0,
      "readAt": "2025-10-11T11:57:20.335Z"
    },
    {
      "_id": "68ea461a430e891d09ee889a",
      "sender": "686276c831a7906c7c643684",
      "receiver": "Second Floor",
      "content": "hi",
      "senderType": "user",
      "floor": "Second Floor",
      "read": true,
      "createdAt": "2025-10-11T11:57:14.941Z",
      "__v": 0,
      "readAt": "2025-10-11T11:57:20.335Z"
    },
    {
      "_id": "68ea4620430e891d09ee88d3",
      "sender": "68d53c6de2f0cd418d0fdd19",
      "receiver": "686276c831a7906c7c643684",
      "content": "hello",
      "senderType": "staff",
      "displayName": "Second Floor Staff",
      "floor": "Second Floor",
      "read": true,
      "createdAt": "2025-10-11T11:57:20.193Z",
      "__v": 0,
      "readAt": "2025-10-11T12:44:00.322Z"
    },
    {
      "_id": "68ea47e3500d19ac58974478",
      "sender": "admin",
      "receiver": "68d53c6de2f0cd418d0fdd19",
      "content": "hi",
      "senderType": "admin",
      "displayName": "Admin",
      "read": true,
      "createdAt": "2025-10-11T12:04:51.011Z",
      "__v": 0,
      "readAt": "2025-10-11T12:08:28.197Z"
    },
    {
      "_id": "68ea4856500d19ac5897454d",
      "sender": "admin",
      "receiver": "686276c831a7906c7c643684",
      "content": "hi",
      "senderType": "admin",
      "displayName": "Admin",
      "read": true,
      "createdAt": "2025-10-11T12:06:46.446Z",
      "__v": 0,
      "readAt": "2025-10-11T12:44:00.322Z"
    },
    {
      "_id": "68ea49182802c6b1cb4de16b",
      "sender": "admin",
      "receiver": "686276c831a7906c7c643684",
      "content": "hi",
      "senderType": "admin",
      "displayName": "Admin",
      "read": true,
      "createdAt": "2025-10-11T12:10:00.704Z",
      "__v": 0,
      "readAt": "2025-10-11T12:44:00.322Z"
    },
    {
      "_id": "68ea4a8e3ceb7cb31ecb71e9",
      "sender": "admin",
      "receiver": "686276c831a7906c7c643684",
      "content": "hi",
      "senderType": "admin",
      "displayName": "Admin",
      "read": true,
      "createdAt": "2025-10-11T12:16:14.249Z",
      "__v": 0,
      "readAt": "2025-10-11T12:44:00.322Z"
    },
    {
      "_id": "68ea4dc63badc98b26818e3f",
      "sender": "admin",
      "receiver": "686aa7d65134212deed2a709",
      "content": "hi",
      "senderType": "admin",
      "displayName": "Admin",
      "read": false,
      "createdAt": "2025-10-11T12:29:58.724Z",
      "__v": 0
    },
    {
      "_id": "68ea4e603badc98b26818fcb",
      "sender": "admin",
      "receiver": "686aa7d65134212deed2a709",
      "content": "asdfasfd",
      "senderType": "admin",
      "displayName": "Admin",
      "read": false,
      "createdAt": "2025-10-11T12:32:32.013Z",
      "__v": 0
    },
    {
      "_id": "68ea4e633badc98b26818fde",
      "sender": "admin",
      "receiver": "686276c831a7906c7c643684",
      "content": "meow",
      "senderType": "admin",
      "displayName": "Admin",
      "read": true,
      "createdAt": "2025-10-11T12:32:35.627Z",
      "__v": 0,
      "readAt": "2025-10-11T12:44:00.322Z"
    },
    {
      "_id": "68ea4e743badc98b2681904b",
      "sender": "686276c831a7906c7c643684",
      "receiver": "Ground Floor",
      "content": "hi",
      "senderType": "user",
      "floor": "Ground Floor",
      "read": true,
      "createdAt": "2025-10-11T12:32:52.619Z",
      "__v": 0,
      "readAt": "2025-10-15T16:58:30.077Z"
    },
    {
      "_id": "68ea50ecdfd748e8e75ecc3e",
      "sender": "686276c831a7906c7c643684",
      "receiver": "Ground Floor",
      "content": "hi",
      "senderType": "user",
      "floor": "Ground Floor",
      "read": true,
      "createdAt": "2025-10-11T12:43:24.017Z",
      "__v": 0,
      "readAt": "2025-10-15T16:58:30.077Z"
    },
    {
      "_id": "68ea5112dfd748e8e75eccd9",
      "sender": "68d53c6de2f0cd418d0fdd19",
      "receiver": "686276c831a7906c7c643684",
      "content": "hi",
      "senderType": "staff",
      "displayName": "Second Floor Staff",
      "floor": "Second Floor",
      "read": true,
      "createdAt": "2025-10-11T12:44:02.039Z",
      "__v": 0,
      "readAt": "2025-10-11T12:44:10.989Z"
    },
    {
      "_id": "68ea5141363c2b4479b51c91",
      "sender": "68d53c6de2f0cd418d0fdd19",
      "receiver": "686276c831a7906c7c643684",
      "content": "hi",
      "senderType": "staff",
      "displayName": "Second Floor Staff",
      "floor": "Second Floor",
      "read": true,
      "createdAt": "2025-10-11T12:44:49.113Z",
      "__v": 0,
      "readAt": "2025-10-11T12:51:22.058Z"
    },
    {
      "_id": "68ea52bd95ed0a5d4e2fb580",
      "sender": "686276c831a7906c7c643684",
      "receiver": "Ground Floor",
      "content": "hi",
      "senderType": "user",
      "floor": "Ground Floor",
      "read": true,
      "createdAt": "2025-10-11T12:51:09.432Z",
      "__v": 0,
      "readAt": "2025-10-15T16:58:30.077Z"
    },
    {
      "_id": "68ea52c695ed0a5d4e2fb59b",
      "sender": "686276c831a7906c7c643684",
      "receiver": "Ground Floor",
      "content": "hello",
      "senderType": "user",
      "floor": "Ground Floor",
      "read": true,
      "createdAt": "2025-10-11T12:51:18.815Z",
      "__v": 0,
      "readAt": "2025-10-15T16:58:30.077Z"
    },
    {
      "_id": "68ea52cf95ed0a5d4e2fb5fd",
      "sender": "686276c831a7906c7c643684",
      "receiver": "Second Floor",
      "content": "hi",
      "senderType": "user",
      "floor": "Second Floor",
      "read": true,
      "createdAt": "2025-10-11T12:51:27.360Z",
      "__v": 0,
      "readAt": "2025-10-11T12:51:33.634Z"
    },
    {
      "_id": "68ea52d595ed0a5d4e2fb614",
      "sender": "68d53c6de2f0cd418d0fdd19",
      "receiver": "686276c831a7906c7c643684",
      "content": "hello",
      "senderType": "staff",
      "displayName": "Second Floor Staff",
      "floor": "Second Floor",
      "read": true,
      "createdAt": "2025-10-11T12:51:33.445Z",
      "__v": 0,
      "readAt": "2025-10-11T16:45:31.275Z"
    },
    {
      "_id": "68ea52e495ed0a5d4e2fb6bc",
      "sender": "admin",
      "receiver": "686276c831a7906c7c643684",
      "content": "meow",
      "senderType": "admin",
      "displayName": "Admin",
      "read": true,
      "createdAt": "2025-10-11T12:51:48.109Z",
      "__v": 0,
      "readAt": "2025-10-11T16:45:31.275Z"
    },
    {
      "_id": "68ea88fea7ddcadf9faf5e0b",
      "sender": "68ea86b04582a6e14fa6f6b6",
      "receiver": "admin",
      "content": "hi",
      "senderType": "user",
      "read": false,
      "createdAt": "2025-10-11T16:42:38.866Z",
      "__v": 0
    },
    {
      "_id": "68ea8921a7ddcadf9faf5e49",
      "sender": "admin",
      "receiver": "68ea86b04582a6e14fa6f6b6",
      "content": "hello",
      "senderType": "admin",
      "displayName": "Admin",
      "read": true,
      "createdAt": "2025-10-11T16:43:13.443Z",
      "__v": 0,
      "readAt": "2025-10-11T16:45:21.948Z"
    },
    {
      "_id": "68ea899fa7ddcadf9faf5f2d",
      "sender": "68ea86b04582a6e14fa6f6b6",
      "receiver": "Ground Floor",
      "content": "hi",
      "senderType": "user",
      "floor": "Ground Floor",
      "read": true,
      "createdAt": "2025-10-11T16:45:19.537Z",
      "__v": 0,
      "readAt": "2025-10-11T16:49:21.685Z"
    },
    {
      "_id": "68ea8a82a7ddcadf9faf5fff",
      "sender": "admin",
      "receiver": "68ea86b04582a6e14fa6f6b6",
      "content": "hello",
      "senderType": "admin",
      "displayName": "Admin",
      "read": true,
      "createdAt": "2025-10-11T16:49:06.825Z",
      "__v": 0,
      "readAt": "2025-10-11T16:52:29.051Z"
    },
    {
      "_id": "68ea8a91a7ddcadf9faf605c",
      "sender": "68d51d9892e41aa3b1a34e45",
      "receiver": "68ea86b04582a6e14fa6f6b6",
      "content": "hello",
      "senderType": "staff",
      "displayName": "Ground Floor Staff",
      "floor": "Ground Floor",
      "read": true,
      "createdAt": "2025-10-11T16:49:21.574Z",
      "__v": 0,
      "readAt": "2025-10-11T16:52:29.051Z"
    },
    {
      "_id": "68ea8b56f96727268d0aa2b4",
      "sender": "admin",
      "receiver": "68ea86b04582a6e14fa6f6b6",
      "content": "hi",
      "senderType": "admin",
      "displayName": "Admin",
      "read": true,
      "createdAt": "2025-10-11T16:52:38.059Z",
      "__v": 0,
      "readAt": "2025-10-11T16:53:29.191Z"
    },
    {
      "_id": "68ea8b69f96727268d0aa380",
      "sender": "68d51d9892e41aa3b1a34e45",
      "receiver": "68ea86b04582a6e14fa6f6b6",
      "content": "hello",
      "senderType": "staff",
      "displayName": "Ground Floor Staff",
      "floor": "Ground Floor",
      "read": true,
      "createdAt": "2025-10-11T16:52:57.018Z",
      "__v": 0,
      "readAt": "2025-10-11T16:53:29.191Z"
    },
    {
      "_id": "68ebb52fa363545126648e5a",
      "sender": "admin",
      "receiver": "68eba93ccb385a50412382c1",
      "content": "hi",
      "senderType": "admin",
      "displayName": "Admin",
      "read": false,
      "createdAt": "2025-10-12T14:03:27.149Z",
      "__v": 0
    },
    {
      "_id": "68efd2b563ec3603d159eeac",
      "sender": "68d51d9892e41aa3b1a34e45",
      "receiver": "686276c831a7906c7c643684",
      "content": "k",
      "senderType": "staff",
      "displayName": "Ground Floor Staff",
      "floor": "Ground Floor",
      "read": true,
      "createdAt": "2025-10-15T16:58:29.930Z",
      "__v": 0,
      "readAt": "2025-10-17T09:23:46.275Z"
    },
    {
      "_id": "68f20a6d1751ca46adeab867",
      "sender": "686276c831a7906c7c643684",
      "receiver": "Fourth Floor",
      "content": "hi",
      "senderType": "user",
      "floor": "Fourth Floor",
      "read": true,
      "createdAt": "2025-10-17T09:20:45.957Z",
      "__v": 0,
      "readAt": "2025-10-17T09:23:49.022Z"
    },
    {
      "_id": "68f20b241751ca46adeabf41",
      "sender": "68ee46fb6654576896561603",
      "receiver": "686276c831a7906c7c643684",
      "content": "hi",
      "senderType": "staff",
      "displayName": "Fourth Floor Staff",
      "floor": "Fourth Floor",
      "read": true,
      "createdAt": "2025-10-17T09:23:48.762Z",
      "__v": 0,
      "readAt": "2025-10-17T17:30:56.288Z"
    },
    {
      "_id": "68f258163d53ee3f71af4bf9",
      "sender": "686276c831a7906c7c643684",
      "receiver": "Ground Floor",
      "content": "hi",
      "senderType": "user",
      "floor": "Ground Floor",
      "read": true,
      "createdAt": "2025-10-17T14:52:06.427Z",
      "__v": 0,
      "readAt": "2025-10-18T08:15:41.094Z"
    },
    {
      "_id": "68f27d060275cb9630963e50",
      "sender": "admin",
      "receiver": "686276c831a7906c7c643684",
      "content": "hi",
      "senderType": "admin",
      "displayName": "Admin",
      "read": true,
      "createdAt": "2025-10-17T17:29:42.483Z",
      "__v": 0,
      "readAt": "2025-10-17T17:29:57.890Z"
    },
    {
      "_id": "68f27d1717257f99e1b80d30",
      "sender": "686276c831a7906c7c643684",
      "receiver": "admin",
      "content": "hewo",
      "senderType": "user",
      "read": false,
      "createdAt": "2025-10-17T17:29:59.099Z",
      "__v": 0
    },
    {
      "_id": "68f27d270275cb9630963ebe",
      "sender": "admin",
      "receiver": "686276c831a7906c7c643684",
      "content": "hi",
      "senderType": "admin",
      "displayName": "Admin",
      "read": true,
      "createdAt": "2025-10-17T17:30:15.516Z",
      "__v": 0,
      "readAt": "2025-10-17T17:30:20.240Z"
    },
    {
      "_id": "68f27d2d17257f99e1b80d80",
      "sender": "686276c831a7906c7c643684",
      "receiver": "admin",
      "content": "try again",
      "senderType": "user",
      "read": false,
      "createdAt": "2025-10-17T17:30:21.447Z",
      "__v": 0
    },
    {
      "_id": "68f27d520275cb9630963f8d",
      "sender": "68ee46fb6654576896561603",
      "receiver": "686276c831a7906c7c643684",
      "content": "hi",
      "senderType": "staff",
      "displayName": "Fourth Floor Staff",
      "floor": "Fourth Floor",
      "read": true,
      "createdAt": "2025-10-17T17:30:58.304Z",
      "__v": 0,
      "readAt": "2025-10-17T17:31:36.120Z"
    },
    {
      "_id": "68f27d5c17257f99e1b80e35",
      "sender": "686276c831a7906c7c643684",
      "receiver": "admin",
      "content": "tested",
      "senderType": "user",
      "read": false,
      "createdAt": "2025-10-17T17:31:08.946Z",
      "__v": 0
    },
    {
      "_id": "68f27d7917257f99e1b80f3f",
      "sender": "686276c831a7906c7c643684",
      "receiver": "Fourth Floor",
      "content": "test",
      "senderType": "user",
      "floor": "Fourth Floor",
      "read": true,
      "createdAt": "2025-10-17T17:31:37.305Z",
      "__v": 0,
      "readAt": "2025-10-17T17:31:42.419Z"
    },
    {
      "_id": "68f27d7e0275cb9630963fc3",
      "sender": "68ee46fb6654576896561603",
      "receiver": "686276c831a7906c7c643684",
      "content": "hello",
      "senderType": "staff",
      "displayName": "Fourth Floor Staff",
      "floor": "Fourth Floor",
      "read": true,
      "createdAt": "2025-10-17T17:31:42.249Z",
      "__v": 0,
      "readAt": "2025-10-17T17:43:49.836Z"
    },
    {
      "_id": "68f2805717257f99e1b81d34",
      "sender": "686276c831a7906c7c643684",
      "receiver": "Fourth Floor",
      "content": "pops",
      "senderType": "user",
      "floor": "Fourth Floor",
      "read": false,
      "createdAt": "2025-10-17T17:43:51.056Z",
      "__v": 0
    },
    {
      "_id": "68f283610275cb963096481c",
      "sender": "686276c831a7906c7c643684",
      "receiver": "Fifth Floor",
      "content": "hi",
      "senderType": "user",
      "floor": "Fifth Floor",
      "read": true,
      "createdAt": "2025-10-17T17:56:49.754Z",
      "__v": 0,
      "readAt": "2025-10-17T17:57:05.605Z"
    },
    {
      "_id": "68f2837117257f99e1b8324f",
      "sender": "68f281950275cb96309641c2",
      "receiver": "686276c831a7906c7c643684",
      "content": "hihihihii",
      "senderType": "staff",
      "displayName": "Fifth Floor Staff",
      "floor": "Fifth Floor",
      "read": true,
      "createdAt": "2025-10-17T17:57:05.456Z",
      "__v": 0,
      "readAt": "2025-10-17T18:14:03.135Z"
    },
    {
      "_id": "68f2876c17257f99e1b84010",
      "sender": "686276c831a7906c7c643684",
      "receiver": "Fifth Floor",
      "content": "shutup",
      "senderType": "user",
      "floor": "Fifth Floor",
      "read": false,
      "createdAt": "2025-10-17T18:14:04.338Z",
      "__v": 0
    },
    {
      "_id": "68f34c9b423c393097c68511",
      "sender": "686276c831a7906c7c643684",
      "receiver": "Ground Floor",
      "content": "hi",
      "senderType": "user",
      "floor": "Ground Floor",
      "read": true,
      "createdAt": "2025-10-18T08:15:23.780Z",
      "__v": 0,
      "readAt": "2025-10-18T08:15:41.094Z"
    },
    {
      "_id": "68f34cac423c393097c6858f",
      "sender": "68d51d9892e41aa3b1a34e45",
      "receiver": "686276c831a7906c7c643684",
      "content": "hi",
      "senderType": "staff",
      "displayName": "Ground Floor Staff",
      "floor": "Ground Floor",
      "read": true,
      "createdAt": "2025-10-18T08:15:40.919Z",
      "__v": 0,
      "readAt": "2025-10-18T08:15:53.273Z"
    },
    {
      "_id": "68f34cb0423c393097c685e4",
      "sender": "68d51d9892e41aa3b1a34e45",
      "receiver": "686276c831a7906c7c643684",
      "content": "hello",
      "senderType": "staff",
      "displayName": "Ground Floor Staff",
      "floor": "Ground Floor",
      "read": true,
      "createdAt": "2025-10-18T08:15:44.831Z",
      "__v": 0,
      "readAt": "2025-10-18T08:15:53.273Z"
    },
    {
      "_id": "68f34cb3423c393097c6863b",
      "sender": "68d51d9892e41aa3b1a34e45",
      "receiver": "686276c831a7906c7c643684",
      "content": "meow",
      "senderType": "staff",
      "displayName": "Ground Floor Staff",
      "floor": "Ground Floor",
      "read": true,
      "createdAt": "2025-10-18T08:15:47.646Z",
      "__v": 0,
      "readAt": "2025-10-18T08:15:53.273Z"
    },
    {
      "_id": "68f34cbb423c393097c686ae",
      "sender": "686276c831a7906c7c643684",
      "receiver": "Ground Floor",
      "content": "okay",
      "senderType": "user",
      "floor": "Ground Floor",
      "read": true,
      "createdAt": "2025-10-18T08:15:55.627Z",
      "__v": 0,
      "readAt": "2025-10-18T08:17:21.409Z"
    },
    {
      "_id": "68f34d0d423c393097c6870a",
      "sender": "686276c831a7906c7c643684",
      "receiver": "Ground Floor",
      "content": "hi",
      "senderType": "user",
      "floor": "Ground Floor",
      "read": true,
      "createdAt": "2025-10-18T08:17:17.627Z",
      "__v": 0,
      "readAt": "2025-10-18T08:17:21.409Z"
    },
    {
      "_id": "68f34d11423c393097c6873e",
      "sender": "68d51d9892e41aa3b1a34e45",
      "receiver": "686276c831a7906c7c643684",
      "content": "hello",
      "senderType": "staff",
      "displayName": "Ground Floor Staff",
      "floor": "Ground Floor",
      "read": true,
      "createdAt": "2025-10-18T08:17:21.239Z",
      "__v": 0,
      "readAt": "2025-10-18T08:20:34.859Z"
    },
    {
      "_id": "68f34d24423c393097c687da",
      "sender": "admin",
      "receiver": "686276c831a7906c7c643684",
      "content": "hi",
      "senderType": "admin",
      "displayName": "Admin",
      "read": true,
      "createdAt": "2025-10-18T08:17:40.950Z",
      "__v": 0,
      "readAt": "2025-10-18T08:17:46.923Z"
    },
    {
      "_id": "68f34d27423c393097c687fc",
      "sender": "admin",
      "receiver": "686276c831a7906c7c643684",
      "content": "hello",
      "senderType": "admin",
      "displayName": "Admin",
      "read": true,
      "createdAt": "2025-10-18T08:17:43.676Z",
      "__v": 0,
      "readAt": "2025-10-18T08:17:46.923Z"
    },
    {
      "_id": "68f34d2c423c393097c68835",
      "sender": "686276c831a7906c7c643684",
      "receiver": "admin",
      "content": "hi",
      "senderType": "user",
      "read": false,
      "createdAt": "2025-10-18T08:17:48.541Z",
      "__v": 0
    },
    {
      "_id": "68f34dd83b65db6239a739e8",
      "sender": "686276c831a7906c7c643684",
      "receiver": "Ground Floor",
      "content": "hi",
      "senderType": "user",
      "floor": "Ground Floor",
      "read": true,
      "createdAt": "2025-10-18T08:20:40.155Z",
      "__v": 0,
      "readAt": "2025-10-18T08:35:51.468Z"
    },
    {
      "_id": "68f34dd83b65db6239a739ea",
      "sender": "686276c831a7906c7c643684",
      "receiver": "Ground Floor",
      "content": "hi",
      "senderType": "user",
      "floor": "Ground Floor",
      "read": true,
      "createdAt": "2025-10-18T08:20:40.207Z",
      "__v": 0,
      "readAt": "2025-10-18T08:35:51.468Z"
    },
    {
      "_id": "68f34de03b65db6239a73a19",
      "sender": "admin",
      "receiver": "686276c831a7906c7c643684",
      "content": "hello",
      "senderType": "admin",
      "displayName": "Admin",
      "read": true,
      "createdAt": "2025-10-18T08:20:48.765Z",
      "__v": 0,
      "readAt": "2025-10-18T08:20:56.107Z"
    },
    {
      "_id": "68f34deb3b65db6239a73a72",
      "sender": "686276c831a7906c7c643684",
      "receiver": "admin",
      "content": "hi",
      "senderType": "user",
      "read": false,
      "createdAt": "2025-10-18T08:20:59.026Z",
      "__v": 0
    },
    {
      "_id": "68f3515a3b65db6239a73b85",
      "sender": "686276c831a7906c7c643684",
      "receiver": "Ground Floor",
      "content": "helklo",
      "senderType": "user",
      "floor": "Ground Floor",
      "read": true,
      "createdAt": "2025-10-18T08:35:38.278Z",
      "__v": 0,
      "readAt": "2025-10-18T08:35:51.468Z"
    },
    {
      "_id": "68f351673b65db6239a73bd4",
      "sender": "68d51d9892e41aa3b1a34e45",
      "receiver": "686276c831a7906c7c643684",
      "content": "hello stephen",
      "senderType": "staff",
      "displayName": "Ground Floor Staff",
      "floor": "Ground Floor",
      "read": true,
      "createdAt": "2025-10-18T08:35:51.216Z",
      "__v": 0,
      "readAt": "2025-10-18T08:42:40.450Z"
    },
    {
      "_id": "68f353033b65db6239a73d8e",
      "sender": "686276c831a7906c7c643684",
      "receiver": "Ground Floor",
      "content": "hi\nhello",
      "senderType": "user",
      "floor": "Ground Floor",
      "read": true,
      "createdAt": "2025-10-18T08:42:43.130Z",
      "__v": 0,
      "readAt": "2025-10-18T08:53:44.344Z"
    },
    {
      "_id": "68f353933b65db6239a73dde",
      "sender": "admin",
      "receiver": "686276c831a7906c7c643684",
      "content": "hi",
      "senderType": "admin",
      "displayName": "Admin",
      "read": true,
      "createdAt": "2025-10-18T08:45:07.539Z",
      "__v": 0,
      "readAt": "2025-10-18T09:19:18.515Z"
    },
    {
      "_id": "68f355983b65db6239a73f13",
      "sender": "68d51d9892e41aa3b1a34e45",
      "receiver": "686276c831a7906c7c643684",
      "content": "\nhi hello",
      "senderType": "staff",
      "displayName": "Ground Floor Staff",
      "floor": "Ground Floor",
      "read": false,
      "createdAt": "2025-10-18T08:53:44.158Z",
      "__v": 0
    },
    {
      "_id": "68f3559e3b65db6239a73f60",
      "sender": "68d51d9892e41aa3b1a34e45",
      "receiver": "686276c831a7906c7c643684",
      "content": "hi\nhello",
      "senderType": "staff",
      "displayName": "Ground Floor Staff",
      "floor": "Ground Floor",
      "read": false,
      "createdAt": "2025-10-18T08:53:50.474Z",
      "__v": 0
    },
    {
      "_id": "68f355c83b65db6239a74033",
      "sender": "68d51d9892e41aa3b1a34e45",
      "receiver": "686276c831a7906c7c643684",
      "content": "hello stephen\njust to remind you that im always proud of you please do not contribute this code because it will be a disaster",
      "senderType": "staff",
      "displayName": "Ground Floor Staff",
      "floor": "Ground Floor",
      "read": false,
      "createdAt": "2025-10-18T08:54:32.224Z",
      "__v": 0
    },
    {
      "_id": "68f3575a973f2c531c872483",
      "sender": "admin",
      "receiver": "686276c831a7906c7c643684",
      "content": "hi\nhello",
      "senderType": "admin",
      "displayName": "Admin",
      "read": true,
      "createdAt": "2025-10-18T09:01:14.175Z",
      "__v": 0,
      "readAt": "2025-10-18T09:19:18.515Z"
    },
    {
      "_id": "68f35b98973f2c531c872d08",
      "sender": "686276c831a7906c7c643684",
      "receiver": "admin",
      "content": "hi",
      "senderType": "user",
      "read": false,
      "createdAt": "2025-10-18T09:19:20.977Z",
      "__v": 0
    },
    {
      "_id": "68f35d544bb51c14dec7c309",
      "sender": "686276c831a7906c7c643684",
      "receiver": "admin",
      "content": "hi",
      "senderType": "user",
      "read": false,
      "createdAt": "2025-10-18T09:26:44.053Z",
      "__v": 0
    },
    {
      "_id": "68f5012af28b26f4613cb51a",
      "sender": "68f4de5fb437c426fb60ac51",
      "receiver": "Ground Floor",
      "content": "hi",
      "senderType": "user",
      "floor": "Ground Floor",
      "read": false,
      "createdAt": "2025-10-19T15:18:02.342Z",
      "__v": 0
    }
  ]
}