{
  "collection": "reports",
  "count": 51,
  "timestamp": "2025-10-20T14:12:23.471Z",
  "data": [
    {
      "_id": "68692a9832f414e9159ca22e",
      "reportedBy": "Stephen P. Madero Jr.",
      "userId": "686276c831a7906c7c643684",
      "category": "Equipment",
      "details": "report",
      "floor": "2nd Floor",
      "room": "Faculty Room",
      "created_at": "2025-07-05T13:37:28.474Z",
      "__v": 0,
      "actionTaken": "sdfgs",
      "createdAt": "2025-10-04T14:30:54.331Z",
      "resolvedAt": "2025-10-04T14:30:54.334Z",
      "status": "Resolved",
      "updatedAt": "2025-10-04T14:30:54.338Z"
    },
    {
      "_id": "68692de80fa8f82b4e91408e",
      "reportedBy": "Stephen P. Madero Jr.",
      "userId": "686276c831a7906c7c643684",
      "category": "Equipment",
      "details": "sada",
      "floor": "2nd Floor",
      "room": "Faculty Room",
      "created_at": "2025-07-05T13:51:36.433Z",
      "__v": 0,
      "actionTaken": "ttu",
      "createdAt": "2025-10-04T14:54:38.586Z",
      "resolvedAt": "2025-10-04T14:54:38.589Z",
      "status": "Resolved",
      "updatedAt": "2025-10-04T14:54:38.593Z"
    },
    {
      "_id": "68692e21baf8dd1c057d7093",
      "reportedBy": "Stephen P. Madero Jr.",
      "userId": "686276c831a7906c7c643684",
      "category": "Equipment",
      "details": "asda",
      "floor": "2nd Floor",
      "room": "Faculty Room",
      "created_at": "2025-07-05T13:52:33.818Z",
      "__v": 0,
      "actionTaken": "meow",
      "createdAt": "2025-10-04T14:52:21.791Z",
      "resolvedAt": "2025-10-04T14:52:28.672Z",
      "status": "Resolved",
      "updatedAt": "2025-10-04T14:52:28.673Z"
    },
    {
      "_id": "686937f1d04288dff27ad836",
      "reportedBy": "Stephen P. Madero Jr.",
      "userId": "686276c831a7906c7c643684",
      "category": "Equipment",
      "details": "afawr",
      "floor": "2nd Floor",
      "room": "Faculty Room",
      "created_at": "2025-07-05T14:34:25.290Z",
      "__v": 0,
      "actionTaken": "",
      "assignedTo": "68d51d9892e41aa3b1a34e45",
      "createdAt": "2025-10-14T13:59:18.239Z",
      "status": "Resolved",
      "updatedAt": "2025-10-14T14:00:00.460Z"
    },
    {
      "_id": "686938afbed35e335f96c09a",
      "reportedBy": "Stephen P. Madero Jr.",
      "userId": "686276c831a7906c7c643684",
      "category": "Maintenance",
      "details": "safasaf",
      "floor": "5th Floor",
      "room": "Collaboration Room",
      "created_at": "2025-07-05T14:37:35.568Z",
      "__v": 0,
      "actionTaken": "",
      "assignedTo": "68d51d9892e41aa3b1a34e45",
      "createdAt": "2025-10-10T15:59:53.317Z",
      "status": "Pending",
      "updatedAt": "2025-10-10T15:59:53.447Z"
    },
    {
      "_id": "686939e85477842325a2d745",
      "reportedBy": "Stephen P. Madero Jr.",
      "userId": "686276c831a7906c7c643684",
      "category": "Equipment",
      "details": "djhrtyu",
      "floor": "2nd Floor",
      "room": "Collaboration Room",
      "created_at": "2025-07-05T14:42:48.439Z",
      "__v": 0,
      "actionTaken": "",
      "assignedTo": "68d51d9892e41aa3b1a34e45",
      "createdAt": "2025-09-28T12:03:18.424Z",
      "status": "Resolved",
      "updatedAt": "2025-09-28T12:03:18.431Z"
    },
    {
      "_id": "68693f5d820c1564098d4afb",
      "reportedBy": "Stephen P. Madero Jr.",
      "userId": "686276c831a7906c7c643684",
      "category": "Maintenance",
      "details": "sgsfdg",
      "floor": "2nd Floor",
      "room": "Discussion Room",
      "created_at": "2025-07-05T15:06:05.651Z",
      "__v": 0,
      "actionTaken": "Issue resolved by staff",
      "assignedTo": "68d51d9892e41aa3b1a34e45",
      "createdAt": "2025-10-14T17:14:53.674Z",
      "status": "Resolved",
      "updatedAt": "2025-10-15T13:20:36.532Z",
      "resolvedAt": "2025-10-15T13:20:36.528Z"
    },
    {
      "_id": "68c6ed491c2f2d297aa5fd80",
      "reportedBy": "Louis Miguel Parreno",
      "userId": "686aa7d65134212deed2a709",
      "category": "Equipment",
      "details": "WAla d Aircon \n",
      "floor": "Ground Floor",
      "room": "Discussion Room",
      "created_at": "2025-09-14T16:28:57.138Z",
      "__v": 0,
      "actionTaken": "okay ah",
      "createdAt": "2025-10-04T14:55:42.143Z",
      "resolvedAt": "2025-10-04T14:55:42.144Z",
      "status": "Resolved",
      "updatedAt": "2025-10-04T14:55:42.144Z"
    },
    {
      "_id": "68cbca1709f47552c2170f76",
      "reportedBy": "Stephen P. Madero Jr.",
      "userId": "686276c831a7906c7c643684",
      "category": "Other",
      "details": "bg",
      "floor": "N/A",
      "room": "N/A",
      "created_at": "2025-09-18T09:00:07.615Z",
      "__v": 0,
      "actionTaken": "okay ah",
      "createdAt": "2025-10-14T13:41:54.863Z",
      "resolvedAt": "2025-10-14T13:41:54.915Z",
      "status": "Resolved",
      "updatedAt": "2025-10-14T13:41:54.919Z"
    },
    {
      "_id": "68cbf98188b4bf47ce5dfb7b",
      "reportedBy": "Stephen P. Madero Jr.",
      "userId": "686276c831a7906c7c643684",
      "category": "Maintenance",
      "details": "meow",
      "floor": "2nd Floor",
      "room": "Faculty Room",
      "created_at": "2025-09-18T12:22:25.565Z",
      "__v": 0,
      "actionTaken": "",
      "assignedTo": "68d51d9892e41aa3b1a34e45",
      "createdAt": "2025-10-14T13:19:03.520Z",
      "status": "Pending",
      "updatedAt": "2025-10-14T13:19:03.632Z"
    },
    {
      "_id": "68cbfaf02062e7555023ba8c",
      "reportedBy": "Stephen P. Madero Jr.",
      "userId": "686276c831a7906c7c643684",
      "category": "Maintenance",
      "details": "meow2",
      "floor": "Ground Floor",
      "room": "Discussion Room",
      "created_at": "2025-09-18T12:28:32.256Z",
      "__v": 0,
      "actionTaken": "meow234",
      "createdAt": "2025-10-04T14:32:05.521Z",
      "resolvedAt": "2025-10-04T14:32:05.521Z",
      "status": "Resolved",
      "updatedAt": "2025-10-04T14:32:05.522Z"
    },
    {
      "_id": "68cbfc81a0ad82fca3884d2b",
      "reportedBy": "Stephen P. Madero Jr.",
      "userId": "686276c831a7906c7c643684",
      "category": "Maintenance",
      "details": "meow",
      "floor": "2nd Floor",
      "room": "Graduate Hub Research",
      "created_at": "2025-09-18T12:35:13.238Z",
      "__v": 0,
      "actionTaken": "okay ah",
      "createdAt": "2025-10-14T14:29:58.786Z",
      "resolvedAt": "2025-10-14T14:29:58.838Z",
      "status": "Resolved",
      "updatedAt": "2025-10-14T14:29:58.838Z"
    },
    {
      "_id": "68cbfc85a0ad82fca3884d2e",
      "reportedBy": "Stephen P. Madero Jr.",
      "userId": "686276c831a7906c7c643684",
      "category": "Equipment",
      "details": "meow",
      "floor": "2nd Floor",
      "room": "Graduate Hub Research",
      "created_at": "2025-09-18T12:35:17.615Z",
      "__v": 0,
      "actionTaken": "Resolved by staff",
      "assignedTo": "68d51d9892e41aa3b1a34e45",
      "createdAt": "2025-10-14T17:05:26.707Z",
      "status": "Resolved",
      "updatedAt": "2025-10-14T17:11:17.326Z",
      "resolvedAt": "2025-10-14T17:11:17.325Z"
    },
    {
      "_id": "68cbfdf7e0263777998af6f2",
      "reportedBy": "Stephen P. Madero Jr.",
      "userId": "686276c831a7906c7c643684",
      "category": "Maintenance",
      "details": "meow",
      "floor": "Ground Floor",
      "room": "Faculty Room",
      "created_at": "2025-09-18T12:41:27.062Z",
      "__v": 0,
      "actionTaken": "",
      "assignedTo": "68d51d9892e41aa3b1a34e45",
      "createdAt": "2025-10-04T14:37:50.090Z",
      "status": "Pending",
      "updatedAt": "2025-10-04T14:37:50.091Z"
    },
    {
      "_id": "68cbfe2d4e82c2b779172521",
      "reportedBy": "Stephen P. Madero Jr.",
      "userId": "686276c831a7906c7c643684",
      "category": "Maintenance",
      "details": "meow",
      "floor": "2nd Floor",
      "room": "Faculty Room",
      "created_at": "2025-09-18T12:42:21.752Z",
      "__v": 0,
      "actionTaken": "",
      "assignedTo": "68d51d9892e41aa3b1a34e45",
      "createdAt": "2025-10-14T13:49:42.213Z",
      "status": "Resolved",
      "updatedAt": "2025-10-14T14:00:06.967Z"
    },
    {
      "_id": "68cbff21d21064b87605e453",
      "reportedBy": "Stephen P. Madero Jr.",
      "userId": "686276c831a7906c7c643684",
      "category": "Maintenance",
      "details": "meow",
      "floor": "Ground Floor",
      "room": "Faculty Room",
      "created_at": "2025-09-18T12:46:25.959Z",
      "__v": 0,
      "actionTaken": "",
      "assignedTo": "68d51d9892e41aa3b1a34e45",
      "createdAt": "2025-10-04T14:38:53.860Z",
      "status": "Resolved",
      "updatedAt": "2025-10-04T14:38:53.860Z"
    },
    {
      "_id": "68cc021dc157896f129b7cf3",
      "reportedBy": "Stephen P. Madero Jr.",
      "userId": "686276c831a7906c7c643684",
      "category": "Maintenance",
      "details": "trwe",
      "floor": "2nd Floor",
      "room": "Discussion Room",
      "created_at": "2025-09-18T12:59:09.532Z",
      "__v": 0,
      "actionTaken": "okay ah",
      "createdAt": "2025-10-14T14:40:53.087Z",
      "resolvedAt": "2025-10-14T14:40:53.143Z",
      "status": "Resolved",
      "updatedAt": "2025-10-14T14:40:53.148Z"
    },
    {
      "_id": "68cc033019377bd5a4062df6",
      "reportedBy": "Stephen P. Madero Jr.",
      "userId": "686276c831a7906c7c643684",
      "category": "Maintenance",
      "details": "qweqwe",
      "floor": "5th Floor",
      "room": "Collaboration Room",
      "created_at": "2025-09-18T13:03:44.603Z",
      "__v": 0,
      "actionTaken": "",
      "assignedTo": "68d51d9892e41aa3b1a34e45",
      "createdAt": "2025-10-04T14:37:04.861Z",
      "status": "Pending",
      "updatedAt": "2025-10-04T14:37:04.868Z"
    },
    {
      "_id": "68cc0a0f8279362cd6a3ffee",
      "reportedBy": "Stephen P. Madero Jr.",
      "userId": "686276c831a7906c7c643684",
      "category": "Maintenance",
      "details": "meow",
      "floor": "2nd Floor",
      "room": "Discussion Room",
      "created_at": "2025-09-18T13:33:03.852Z",
      "__v": 0,
      "actionTaken": "",
      "assignedTo": "68d51d9892e41aa3b1a34e45",
      "createdAt": "2025-10-14T14:52:05.554Z",
      "status": "Resolved",
      "updatedAt": "2025-10-14T14:52:56.946Z"
    },
    {
      "_id": "68cc0d914c62342a582a1d73",
      "reportedBy": "Stephen P. Madero Jr.",
      "userId": "686276c831a7906c7c643684",
      "category": "Maintenance",
      "details": "wqe",
      "floor": "Ground Floor",
      "room": "Discussion Room",
      "created_at": "2025-09-18T13:48:01.128Z",
      "__v": 0,
      "actionTaken": "",
      "assignedTo": "68d51d9892e41aa3b1a34e45",
      "createdAt": "2025-09-28T10:50:07.304Z",
      "status": "Resolved",
      "updatedAt": "2025-09-28T11:34:08.351Z"
    },
    {
      "_id": "68cc113c8cfed23688dc1524",
      "reportedBy": "Stephen P. Madero Jr.",
      "userId": "686276c831a7906c7c643684",
      "category": "Maintenance",
      "details": "werte",
      "floor": "2nd Floor",
      "room": "Discussion Room",
      "created_at": "2025-09-18T14:03:40.704Z",
      "__v": 0,
      "actionTaken": "",
      "assignedTo": "68d51d9892e41aa3b1a34e45",
      "createdAt": "2025-10-18T08:06:24.755Z",
      "status": "Archived",
      "updatedAt": "2025-10-18T15:22:40.711Z"
    },
    {
      "_id": "68cc12d635b489b5eedf2e81",
      "reportedBy": "Stephen P. Madero Jr.",
      "userId": "686276c831a7906c7c643684",
      "category": "Maintenance",
      "details": "asd",
      "floor": "2nd Floor",
      "room": "Discussion Room",
      "created_at": "2025-09-18T14:10:30.441Z",
      "__v": 0,
      "actionTaken": "",
      "assignedTo": "68d51d9892e41aa3b1a34e45",
      "createdAt": "2025-10-10T10:33:05.728Z",
      "status": "Pending",
      "updatedAt": "2025-10-10T10:33:05.872Z"
    },
    {
      "_id": "68cc184f5c5af068e63a58a4",
      "reportedBy": "Stephen P. Madero Jr.",
      "userId": "686276c831a7906c7c643684",
      "category": "Maintenance",
      "details": "asda",
      "floor": "Ground Floor",
      "room": "Discussion Room",
      "created_at": "2025-09-18T14:33:51.495Z",
      "__v": 0,
      "actionTaken": "",
      "assignedTo": "68d51d9892e41aa3b1a34e45",
      "createdAt": "2025-09-28T10:44:16.722Z",
      "status": "Resolved",
      "updatedAt": "2025-09-28T10:44:27.381Z"
    },
    {
      "_id": "68cc197105a05f7f072fac74",
      "reportedBy": "Stephen P. Madero Jr.",
      "userId": "686276c831a7906c7c643684",
      "category": "Equipment",
      "details": "sira aircon",
      "floor": "2nd Floor",
      "room": "Discussion Room",
      "created_at": "2025-09-18T14:38:41.671Z",
      "__v": 0,
      "actionTaken": "okay ah",
      "createdAt": "2025-10-14T14:30:25.468Z",
      "resolvedAt": "2025-10-14T14:30:25.518Z",
      "status": "Resolved",
      "updatedAt": "2025-10-14T14:30:25.522Z"
    },
    {
      "_id": "68cc198005a05f7f072fac7d",
      "reportedBy": "Stephen P. Madero Jr.",
      "userId": "686276c831a7906c7c643684",
      "category": "Maintenance",
      "details": "weqqw",
      "floor": "Ground Floor",
      "room": "Faculty Room",
      "created_at": "2025-09-18T14:38:56.043Z",
      "__v": 0,
      "actionTaken": "",
      "assignedTo": "68d51d9892e41aa3b1a34e45",
      "createdAt": "2025-10-10T11:20:29.211Z",
      "status": "Pending",
      "updatedAt": "2025-10-10T11:20:29.330Z"
    },
    {
      "_id": "68cc1a467f4ba20931e57936",
      "reportedBy": "Stephen P. Madero Jr.",
      "userId": "686276c831a7906c7c643684",
      "category": "Maintenance",
      "details": "wqeq",
      "floor": "2nd Floor",
      "room": "Discussion Room",
      "created_at": "2025-09-18T14:42:14.381Z",
      "__v": 0,
      "actionTaken": "",
      "assignedTo": "68d53c6de2f0cd418d0fdd19",
      "createdAt": "2025-09-28T10:55:13.546Z",
      "status": "Resolved",
      "updatedAt": "2025-09-28T10:55:13.547Z"
    },
    {
      "_id": "68cc1e6a07e7854fd97844ee",
      "reportedBy": "Stephen P. Madero Jr.",
      "userId": "686276c831a7906c7c643684",
      "category": "Maintenance",
      "details": "w",
      "floor": "2nd Floor",
      "room": "Faculty Room",
      "created_at": "2025-09-18T14:59:54.781Z",
      "__v": 0,
      "actionTaken": "",
      "assignedTo": "68d51d9892e41aa3b1a34e45",
      "createdAt": "2025-10-14T13:45:43.201Z",
      "status": "Resolved",
      "updatedAt": "2025-10-14T14:59:52.454Z"
    },
    {
      "_id": "68cc1fd4bf66405a4da40e8e",
      "reportedBy": "Stephen P. Madero Jr.",
      "userId": "686276c831a7906c7c643684",
      "category": "Maintenance",
      "details": "qweqe",
      "floor": "Ground Floor",
      "room": "Discussion Room",
      "created_at": "2025-09-18T15:05:56.503Z",
      "__v": 0,
      "actionTaken": "",
      "assignedTo": "68d51d9892e41aa3b1a34e45",
      "createdAt": "2025-09-28T10:54:25.615Z",
      "status": "Resolved",
      "updatedAt": "2025-09-28T11:38:22.401Z"
    },
    {
      "_id": "68cc1ff8bf66405a4da40e9b",
      "reportedBy": "Stephen P. Madero Jr.",
      "userId": "686276c831a7906c7c643684",
      "category": "Maintenance",
      "details": "wqe",
      "floor": "Ground Floor",
      "room": "Discussion Room",
      "created_at": "2025-09-18T15:06:32.959Z",
      "__v": 0,
      "actionTaken": "",
      "assignedTo": "68d51d9892e41aa3b1a34e45",
      "createdAt": "2025-10-10T09:55:03.971Z",
      "status": "Resolved",
      "updatedAt": "2025-10-10T11:22:24.513Z"
    },
    {
      "_id": "68cc21df58697dfe383e3bfd",
      "reportedBy": "Stephen P. Madero Jr.",
      "userId": "686276c831a7906c7c643684",
      "category": "Maintenance",
      "details": "q12",
      "floor": "Ground Floor",
      "room": "Faculty Room",
      "created_at": "2025-09-18T15:14:39.639Z",
      "__v": 0,
      "actionTaken": "",
      "assignedTo": "68d51d9892e41aa3b1a34e45",
      "createdAt": "2025-10-04T18:08:40.161Z",
      "status": "Pending",
      "updatedAt": "2025-10-04T18:08:40.326Z"
    },
    {
      "_id": "68cc245dbb6af2b6a0f0220e",
      "reportedBy": "Stephen P. Madero Jr.",
      "userId": "686276c831a7906c7c643684",
      "category": "Maintenance",
      "details": "qwe",
      "floor": "2nd Floor",
      "room": "Faculty Room",
      "createdAt": "2025-09-18T15:25:17.797Z",
      "__v": 0,
      "actionTaken": "",
      "assignedTo": "68d51d9892e41aa3b1a34e45",
      "status": "Pending",
      "updatedAt": "2025-09-28T10:38:47.085Z"
    },
    {
      "_id": "68cc257dd3cb0d3840337955",
      "reportedBy": "Stephen P. Madero Jr.",
      "userId": "686276c831a7906c7c643684",
      "category": "Equipment",
      "details": "231",
      "floor": "2nd Floor",
      "room": "Discussion Room",
      "createdAt": "2025-09-18T15:30:05.886Z",
      "__v": 0,
      "actionTaken": "",
      "assignedTo": "68d51d9892e41aa3b1a34e45",
      "status": "Pending",
      "updatedAt": "2025-09-28T10:14:51.793Z"
    },
    {
      "_id": "68cc25f8d15c403f60cbfaf6",
      "reportedBy": "Stephen P. Madero Jr.",
      "userId": "686276c831a7906c7c643684",
      "category": "Maintenance",
      "details": "wqe",
      "floor": "2nd Floor",
      "room": "Discussion Room",
      "createdAt": "2025-09-18T15:32:08.649Z",
      "__v": 0,
      "actionTaken": "yteri7yrfi7f",
      "assignedTo": "68d51d9892e41aa3b1a34e45",
      "status": "Resolved",
      "updatedAt": "2025-09-28T09:51:50.702Z",
      "resolvedAt": "2025-09-28T09:51:50.698Z"
    },
    {
      "_id": "68cc26e7d15c403f60cbfb12",
      "reportedBy": "Stephen P. Madero Jr.",
      "userId": "686276c831a7906c7c643684",
      "category": "Equipment",
      "details": "aweq",
      "floor": "2nd Floor",
      "room": "Discussion Room",
      "createdAt": "2025-09-18T15:36:07.610Z",
      "__v": 0,
      "actionTaken": "",
      "assignedTo": "68d51d9892e41aa3b1a34e45",
      "status": "Resolved",
      "updatedAt": "2025-09-28T09:20:03.503Z"
    },
    {
      "_id": "68cc2781d15c403f60cbfb23",
      "reportedBy": "Stephen P. Madero Jr.",
      "userId": "686276c831a7906c7c643684",
      "category": "Maintenance",
      "details": "asd",
      "floor": "2nd Floor",
      "room": "Discussion Room",
      "createdAt": "2025-09-18T15:38:41.165Z",
      "__v": 0,
      "actionTaken": "rtete",
      "resolvedAt": "2025-09-28T06:45:05.653Z",
      "status": "Archived",
      "updatedAt": "2025-09-28T07:02:59.416Z"
    },
    {
      "_id": "68dd5044f54314e6547b68f0",
      "reportedBy": "Patrick Miguel Andrade",
      "userId": "686cb58144bab8d2834576c4",
      "category": "Maintenance",
      "details": "The tv is not working.",
      "floor": "5th Floor",
      "room": "Collaboration Room",
      "assignedTo": null,
      "assignedBy": null,
      "status": "Resolved",
      "actionTaken": "t ano akon labot",
      "createdAt": "2025-10-01T16:01:08.247Z",
      "updatedAt": "2025-10-04T17:27:24.692Z",
      "__v": 0,
      "resolvedAt": "2025-10-04T17:27:24.688Z"
    },
    {
      "_id": "68de8cd0e4a0ca77707e93eb",
      "reportedBy": "Louis Miguel Parreno",
      "userId": "686aa7d65134212deed2a709",
      "category": "Maintenance",
      "details": "May bug kung e spam ko ang refresh button sang browser. Pwede ko liwat ka reserved sang room",
      "floor": "2nd Floor",
      "room": "Graduate Hub Research",
      "assignedTo": "68d51d9892e41aa3b1a34e45",
      "assignedBy": null,
      "status": "Pending",
      "actionTaken": "",
      "createdAt": "2025-10-02T14:31:44.686Z",
      "updatedAt": "2025-10-10T09:43:53.378Z",
      "__v": 0
    },
    {
      "_id": "68de8cdee4a0ca77707e93f3",
      "reportedBy": "Louis Miguel Parreno",
      "userId": "686aa7d65134212deed2a709",
      "category": "Equipment",
      "details": "321312",
      "floor": "Ground Floor",
      "room": "Graduate Hub Research",
      "assignedTo": "68d64d05c6f76b8682f36ac0",
      "assignedBy": null,
      "status": "Resolved",
      "actionTaken": "okay",
      "createdAt": "2025-10-02T14:31:58.603Z",
      "updatedAt": "2025-10-04T14:55:13.807Z",
      "__v": 0,
      "resolvedAt": "2025-10-04T14:55:13.806Z"
    },
    {
      "_id": "68e15e13f8b014797cfa148c",
      "reportedBy": "Stephen P. Madero Jr.",
      "userId": "686276c831a7906c7c643684",
      "category": "Maintenance",
      "details": "meow",
      "floor": "Ground Floor",
      "room": "Graduate Hub Research",
      "assignedTo": "68d51d9892e41aa3b1a34e45",
      "assignedBy": null,
      "status": "Resolved",
      "actionTaken": "meow",
      "createdAt": "2025-10-04T17:49:07.995Z",
      "updatedAt": "2025-10-14T11:42:11.018Z",
      "__v": 0,
      "resolvedAt": "2025-10-14T11:42:11.014Z"
    },
    {
      "_id": "68ee498a358b9067e63b2905",
      "reportedBy": "Stephen P. Madero Jr.",
      "userId": "686276c831a7906c7c643684",
      "category": "Maintenance",
      "details": "May aircon pro di takon sugot nga may aircon",
      "floor": "4th Floor",
      "room": "Graduate Hub Research",
      "assignedTo": null,
      "assignedBy": null,
      "status": "Pending",
      "actionTaken": "",
      "createdAt": "2025-10-14T13:00:58.469Z",
      "updatedAt": "2025-10-14T13:00:58.470Z",
      "__v": 0
    },
    {
      "_id": "68ee4f50135075671f5a2683",
      "reportedBy": "Stephen P. Madero Jr.",
      "userId": "686276c831a7906c7c643684",
      "category": "Equipment",
      "details": "meow",
      "floor": "Ground Floor",
      "room": "Faculty Room",
      "assignedTo": "68d64d05c6f76b8682f36ac0",
      "assignedBy": null,
      "status": "Pending",
      "actionTaken": "",
      "createdAt": "2025-10-14T13:25:36.600Z",
      "updatedAt": "2025-10-14T13:25:36.600Z",
      "__v": 0
    },
    {
      "_id": "68ee5150508563a2c4e76b3b",
      "reportedBy": "Stephen P. Madero Jr.",
      "userId": "686276c831a7906c7c643684",
      "category": "Other",
      "details": "meow 1",
      "floor": "N/A",
      "room": "N/A",
      "assignedTo": null,
      "assignedBy": null,
      "status": "Archived",
      "actionTaken": "",
      "createdAt": "2025-10-14T13:34:08.023Z",
      "updatedAt": "2025-10-14T13:45:32.254Z",
      "__v": 0
    },
    {
      "_id": "68ee57acb483701d49144b88",
      "reportedBy": "Stephen P. Madero Jr.",
      "userId": "686276c831a7906c7c643684",
      "category": "Security",
      "details": "testing",
      "floor": "N/A",
      "room": "N/A",
      "assignedTo": null,
      "assignedBy": null,
      "status": "Resolved",
      "actionTaken": "meow",
      "createdAt": "2025-10-14T14:01:16.926Z",
      "updatedAt": "2025-10-14T14:29:31.413Z",
      "__v": 0,
      "resolvedAt": "2025-10-14T14:29:31.409Z"
    },
    {
      "_id": "68ee652a95ea078b47fb183c",
      "reportedBy": "Stephen P. Madero Jr.",
      "userId": "686276c831a7906c7c643684",
      "category": "Security",
      "details": "arghhh",
      "floor": "N/A",
      "room": "N/A",
      "assignedTo": null,
      "assignedBy": null,
      "status": "Resolved",
      "actionTaken": "ako na to",
      "createdAt": "2025-10-14T14:58:50.998Z",
      "updatedAt": "2025-10-14T14:59:13.203Z",
      "__v": 0,
      "resolvedAt": "2025-10-14T14:59:13.202Z"
    },
    {
      "_id": "68ee667468150af0c16b76f2",
      "reportedBy": "Stephen P. Madero Jr.",
      "userId": "686276c831a7906c7c643684",
      "category": "Equipment",
      "details": "wala aircon bay",
      "floor": "4th Floor",
      "room": "Faculty Room",
      "assignedTo": "68d51d9892e41aa3b1a34e45",
      "assignedBy": null,
      "status": "Resolved",
      "actionTaken": "",
      "createdAt": "2025-10-14T15:04:20.679Z",
      "updatedAt": "2025-10-14T15:05:07.771Z",
      "__v": 0
    },
    {
      "_id": "68ee67bd469773a5a5057908",
      "reportedBy": "Stephen P. Madero Jr.",
      "userId": "686276c831a7906c7c643684",
      "category": "Equipment",
      "details": "may aircon pro di ko mag gamit",
      "floor": "Ground Floor",
      "room": "Discussion Room",
      "assignedTo": "68d64d05c6f76b8682f36ac0",
      "assignedBy": null,
      "status": "Resolved",
      "actionTaken": "okay",
      "createdAt": "2025-10-14T15:09:49.505Z",
      "updatedAt": "2025-10-14T15:10:43.190Z",
      "__v": 0,
      "resolvedAt": "2025-10-14T15:10:43.189Z"
    },
    {
      "_id": "68ee6916cb5733e56aaa6cbf",
      "reportedBy": "Stephen P. Madero Jr.",
      "userId": "686276c831a7906c7c643684",
      "category": "Maintenance",
      "details": "wala ko imaw",
      "floor": "Ground Floor",
      "room": "Discussion Room",
      "assignedTo": "68d51d9892e41aa3b1a34e45",
      "assignedBy": null,
      "status": "Resolved",
      "actionTaken": "Issue resolved by staff",
      "createdAt": "2025-10-14T15:15:34.128Z",
      "updatedAt": "2025-10-18T07:32:14.754Z",
      "__v": 0,
      "resolvedAt": "2025-10-18T07:32:14.753Z"
    },
    {
      "_id": "68ee6a35d9ada60df97ef404",
      "reportedBy": "Stephen P. Madero Jr.",
      "userId": "686276c831a7906c7c643684",
      "category": "Other",
      "details": "di ko alam",
      "floor": "N/A",
      "room": "N/A",
      "assignedTo": "68d51d9892e41aa3b1a34e45",
      "assignedBy": null,
      "status": "Resolved",
      "actionTaken": "Resolved by staff",
      "createdAt": "2025-10-14T15:20:21.034Z",
      "updatedAt": "2025-10-18T18:07:08.550Z",
      "__v": 0,
      "resolvedAt": "2025-10-18T18:07:08.550Z"
    },
    {
      "_id": "68ee6b8299590d5a8e0b7daa",
      "reportedBy": "Stephen P. Madero Jr.",
      "userId": "686276c831a7906c7c643684",
      "category": "Security",
      "details": "hi",
      "floor": "N/A",
      "room": "N/A",
      "assignedTo": "68d51d9892e41aa3b1a34e45",
      "assignedBy": null,
      "status": "Resolved",
      "actionTaken": "",
      "createdAt": "2025-10-14T15:25:54.582Z",
      "updatedAt": "2025-10-14T15:26:26.886Z",
      "__v": 0
    },
    {
      "_id": "68f285ae17257f99e1b83a59",
      "reportedBy": "Stephen P. Madero Jr.",
      "userId": "686276c831a7906c7c643684",
      "category": "Equipment",
      "details": "lcd not work helppppppppp",
      "floor": "5th Floor",
      "room": "Collaboration Room",
      "assignedTo": "68f281950275cb96309641c2",
      "assignedBy": null,
      "status": "Resolved",
      "actionTaken": "Issue resolved by staff",
      "createdAt": "2025-10-17T18:06:38.783Z",
      "updatedAt": "2025-10-17T18:11:20.534Z",
      "__v": 0,
      "resolvedAt": "2025-10-17T18:11:20.533Z"
    },
    {
      "_id": "68f3b45df0e11ae67530f099",
      "reportedBy": "Stephen P. Madero Jr.",
      "userId": "686276c831a7906c7c643684",
      "category": "Equipment",
      "details": "s",
      "floor": "Ground Floor",
      "room": "Faculty Room",
      "assignedTo": null,
      "assignedBy": null,
      "status": "Pending",
      "actionTaken": "",
      "createdAt": "2025-10-18T15:38:05.146Z",
      "updatedAt": "2025-10-18T15:38:05.155Z",
      "__v": 0
    }
  ]
}