{
  "collection": "reservations",
  "count": 10,
  "timestamp": "2025-10-20T14:12:24.070Z",
  "data": [
    {
      "_id": "68e7a5d2244d07576ccd5f1e",
      "userId": "686276c831a7906c7c643684",
      "room_Id": "6865360f5d5b53a6503936f0",
      "roomName": "Collaboration Room",
      "location": "Ground Floor",
      "purpose": "testing",
      "datetime": "2025-10-10T00:00:00.000Z",
      "endDatetime": "2025-10-10T03:00:00.000Z",
      "date": "2025-10-10",
      "numUsers": 5,
      "participants": [
        {
          "name": "Stephen P. Madero Jr.",
          "id_number": "2022000099",
          "course": "Bachelor of Science in Information Technology",
          "year_level": "4th Year",
          "department": "CLASE",
          "_id": "68e7a5d2244d07576ccd5f1f"
        },
        {
          "name": "Suheila Belle Morales",
          "id_number": "2022003940",
          "course": "Bachelor of Science in Information Technology",
          "year_level": "4th Year",
          "department": "CLASE",
          "_id": "68e7a5d2244d07576ccd5f20"
        },
        {
          "name": "Louis Miguel Parreno",
          "id_number": "2022002517",
          "course": "Bachelor of Science in Information Technology",
          "year_level": "4th Year",
          "department": "CLASE",
          "_id": "68e7a5d2244d07576ccd5f21"
        },
        {
          "name": "Patrick Miguel Andrade",
          "id_number": "2022000615",
          "course": "Bachelor of Science in Information Technology",
          "year_level": "4th Year",
          "department": "CLASE",
          "_id": "68e7a5d2244d07576ccd5f22"
        }
      ],
      "status": "Completed",
      "extensionRequested": true,
      "extensionStatus": "Approved",
      "extensionType": "continuous",
      "createdAt": "2025-10-09T12:08:50.122Z",
      "updatedAt": "2025-10-09T12:16:30.421Z",
      "__v": 0,
      "actualStartTime": "2025-10-09T12:12:47.498Z",
      "extendedEndDatetime": "2025-10-10T03:00:00.000Z",
      "extensionHours": 0,
      "extensionMinutes": 0,
      "maxExtendedEndDatetime": "2025-10-10T03:00:00.000Z",
      "actualEndTime": "2025-10-09T12:16:30.421Z"
    },
    {
      "_id": "68ecd50aa30f0fed81a3842e",
      "userId": "686276c831a7906c7c643684",
      "room_Id": "6865360f5d5b53a6503936f8",
      "roomName": "Collaboration Room",
      "location": "4th Floor",
      "purpose": "testing",
      "datetime": "2025-10-16T01:30:00.000Z",
      "endDatetime": "2025-10-16T04:30:00.000Z",
      "date": "2025-10-16",
      "numUsers": 5,
      "participants": [
        {
          "name": "Stephen P. Madero Jr.",
          "id_number": "2022000099",
          "course": "Bachelor of Science in Information Technology",
          "year_level": "4th Year",
          "department": "CLASE",
          "_id": "68ecd50aa30f0fed81a3842f"
        },
        {
          "name": "Suheila Belle Morales",
          "id_number": "2022003940",
          "course": "Bachelor of Science in Information Technology",
          "year_level": "4th Year",
          "department": "CLASE",
          "_id": "68ecd50aa30f0fed81a38430"
        },
        {
          "name": "Louis Miguel Parreno",
          "id_number": "2022002517",
          "course": "Bachelor of Science in Information Technology",
          "year_level": "4th Year",
          "department": "CLASE",
          "_id": "68ecd50aa30f0fed81a38431"
        },
        {
          "name": "Patrick Miguel Andrade",
          "id_number": "2022000615",
          "course": "Bachelor of Science in Information Technology",
          "year_level": "4th Year",
          "department": "CLASE",
          "_id": "68ecd50aa30f0fed81a38432"
        }
      ],
      "status": "Completed",
      "extensionRequested": true,
      "extensionStatus": "Approved",
      "extensionType": "continuous",
      "createdAt": "2025-10-13T10:31:38.271Z",
      "updatedAt": "2025-10-13T10:36:02.133Z",
      "__v": 0,
      "actualStartTime": "2025-10-13T10:34:54.137Z",
      "extendedEndDatetime": "2025-10-16T04:30:00.000Z",
      "extensionHours": 0,
      "extensionMinutes": 0,
      "maxExtendedEndDatetime": "2025-10-16T04:30:00.000Z",
      "actualEndTime": "2025-10-13T10:36:02.132Z"
    },
    {
      "_id": "68ecebbbcbc2a73558390953",
      "userId": "686276c831a7906c7c643684",
      "room_Id": "6865360f5d5b53a6503936f9",
      "roomName": "Faculty Room",
      "location": "4th Floor",
      "purpose": "testing",
      "datetime": "2025-10-15T08:00:00.000Z",
      "endDatetime": "2025-10-15T09:00:00.000Z",
      "date": "2025-10-15",
      "numUsers": 5,
      "participants": [
        {
          "name": "Stephen P. Madero Jr.",
          "id_number": "2022000099",
          "course": "Bachelor of Science in Information Technology",
          "year_level": "4th Year",
          "department": "CLASE",
          "_id": "68ecebbccbc2a73558390954"
        },
        {
          "name": "Suheila Belle Morales",
          "id_number": "2022003940",
          "course": "Bachelor of Science in Information Technology",
          "year_level": "4th Year",
          "department": "CLASE",
          "_id": "68ecebbccbc2a73558390955"
        },
        {
          "name": "Louis Miguel Parreno",
          "id_number": "2022002517",
          "course": "Bachelor of Science in Information Technology",
          "year_level": "4th Year",
          "department": "CLASE",
          "_id": "68ecebbccbc2a73558390956"
        },
        {
          "name": "Patrick Miguel Andrade",
          "id_number": "2022000615",
          "course": "Bachelor of Science in Information Technology",
          "year_level": "4th Year",
          "department": "CLASE",
          "_id": "68ecebbccbc2a73558390957"
        }
      ],
      "status": "Completed",
      "extensionRequested": false,
      "extensionStatus": "Pending",
      "extensionType": "continuous",
      "createdAt": "2025-10-13T12:08:28.011Z",
      "updatedAt": "2025-10-17T09:14:08.554Z",
      "__v": 0,
      "actualStartTime": "2025-10-17T09:09:40.320Z",
      "actualEndTime": "2025-10-17T09:14:08.553Z"
    },
    {
      "_id": "68f2092f98fceeedfbaa4b57",
      "userId": "686276c831a7906c7c643684",
      "room_Id": "6865360f5d5b53a6503936f7",
      "roomName": "Discussion Room",
      "location": "4th Floor",
      "purpose": "testing",
      "datetime": "2025-10-22T02:00:00.000Z",
      "endDatetime": "2025-10-22T03:00:00.000Z",
      "date": "2025-10-22",
      "numUsers": 5,
      "participants": [
        {
          "name": "Stephen P. Madero Jr.",
          "id_number": "2022000099",
          "course": "Bachelor of Science in Information Technology",
          "year_level": "4th Year",
          "department": "CLASE",
          "_id": "68f2092f98fceeedfbaa4b58"
        },
        {
          "name": "Suheila Belle Morales",
          "id_number": "2022003940",
          "course": "Bachelor of Science in Information Technology",
          "year_level": "4th Year",
          "department": "CLASE",
          "_id": "68f2092f98fceeedfbaa4b59"
        },
        {
          "name": "Louis Miguel Parreno",
          "id_number": "2022002517",
          "course": "Bachelor of Science in Information Technology",
          "year_level": "4th Year",
          "department": "CLASE",
          "_id": "68f2092f98fceeedfbaa4b5a"
        },
        {
          "name": "Patrick Miguel Andrade",
          "id_number": "2022000615",
          "course": "Bachelor of Science in Information Technology",
          "year_level": "4th Year",
          "department": "CLASE",
          "_id": "68f2092f98fceeedfbaa4b5b"
        }
      ],
      "status": "Completed",
      "extensionRequested": false,
      "extensionStatus": "Pending",
      "extensionType": "continuous",
      "createdAt": "2025-10-17T09:15:27.024Z",
      "updatedAt": "2025-10-17T09:21:02.647Z",
      "__v": 0,
      "actualStartTime": "2025-10-17T09:17:37.819Z",
      "actualEndTime": "2025-10-17T09:21:02.647Z"
    },
    {
      "_id": "68f26822b753e7b8902026d1",
      "userId": "686276c831a7906c7c643684",
      "room_Id": "6865360f5d5b53a6503936f9",
      "roomName": "Faculty Room",
      "location": "4th Floor",
      "purpose": "final testing",
      "datetime": "2025-10-23T02:00:00.000Z",
      "endDatetime": "2025-10-23T03:00:00.000Z",
      "date": "2025-10-23",
      "numUsers": 5,
      "participants": [
        {
          "name": "Stephen P. Madero Jr.",
          "id_number": "2022000099",
          "course": "Bachelor of Science in Information Technology",
          "year_level": "4th Year",
          "department": "CLASE",
          "_id": "68f26822b753e7b8902026d2"
        },
        {
          "name": "Patrick Miguel Andrade",
          "id_number": "2022000615",
          "course": "Bachelor of Science in Information Technology",
          "year_level": "4th Year",
          "department": "CLASE",
          "_id": "68f26822b753e7b8902026d3"
        },
        {
          "name": "Louis Miguel Parreno",
          "id_number": "2022002517",
          "course": "Bachelor of Science in Information Technology",
          "year_level": "4th Year",
          "department": "CLASE",
          "_id": "68f26822b753e7b8902026d4"
        },
        {
          "name": "Suheila Belle Morales",
          "id_number": "2022003940",
          "course": "Bachelor of Science in Information Technology",
          "year_level": "4th Year",
          "department": "CLASE",
          "_id": "68f26822b753e7b8902026d5"
        }
      ],
      "status": "Completed",
      "extensionRequested": false,
      "extensionStatus": "Pending",
      "extensionType": "continuous",
      "createdAt": "2025-10-17T16:00:34.687Z",
      "updatedAt": "2025-10-17T16:05:02.500Z",
      "__v": 0,
      "actualStartTime": "2025-10-17T16:04:51.906Z",
      "actualEndTime": "2025-10-17T16:05:02.500Z"
    },
    {
      "_id": "68f26ccdd7c3aa77b7c7ba62",
      "userId": "686276c831a7906c7c643684",
      "room_Id": "6865360f5d5b53a6503936f8",
      "roomName": "Collaboration Room",
      "location": "4th Floor",
      "purpose": "final testing 4",
      "datetime": "2025-10-27T03:00:00.000Z",
      "endDatetime": "2025-10-27T06:00:00.000Z",
      "date": "2025-10-27",
      "numUsers": 5,
      "participants": [
        {
          "name": "Stephen P. Madero Jr.",
          "id_number": "2022000099",
          "course": "Bachelor of Science in Information Technology",
          "year_level": "4th Year",
          "department": "CLASE",
          "_id": "68f26ccdd7c3aa77b7c7ba63"
        },
        {
          "name": "Suheila Belle Morales",
          "id_number": "2022003940",
          "course": "Bachelor of Science in Information Technology",
          "year_level": "4th Year",
          "department": "CLASE",
          "_id": "68f26ccdd7c3aa77b7c7ba64"
        },
        {
          "name": "Louis Miguel Parreno",
          "id_number": "2022002517",
          "course": "Bachelor of Science in Information Technology",
          "year_level": "4th Year",
          "department": "CLASE",
          "_id": "68f26ccdd7c3aa77b7c7ba65"
        },
        {
          "name": "Patrick Miguel Andrade",
          "id_number": "2022000615",
          "course": "Bachelor of Science in Information Technology",
          "year_level": "4th Year",
          "department": "CLASE",
          "_id": "68f26ccdd7c3aa77b7c7ba66"
        }
      ],
      "status": "Completed",
      "extensionRequested": true,
      "extensionStatus": "Approved",
      "extensionType": "continuous",
      "createdAt": "2025-10-17T16:20:29.796Z",
      "updatedAt": "2025-10-17T16:32:34.553Z",
      "__v": 0,
      "actualStartTime": "2025-10-17T16:31:51.571Z",
      "extendedEndDatetime": "2025-10-27T06:00:00.000Z",
      "extensionHours": 0,
      "extensionMinutes": 0,
      "maxExtendedEndDatetime": "2025-10-27T06:00:00.000Z",
      "actualEndTime": "2025-10-17T16:32:34.552Z"
    },
    {
      "_id": "68f2711d8a10321077cbe812",
      "userId": "686276c831a7906c7c643684",
      "room_Id": "6865360f5d5b53a6503936f8",
      "roomName": "Collaboration Room",
      "location": "4th Floor",
      "purpose": "final testing available room",
      "datetime": "2025-10-21T01:30:00.000Z",
      "endDatetime": "2025-10-21T02:30:00.000Z",
      "date": "2025-10-21",
      "numUsers": 5,
      "participants": [
        {
          "name": "Stephen P. Madero Jr.",
          "id_number": "2022000099",
          "course": "Bachelor of Science in Information Technology",
          "year_level": "4th Year",
          "department": "CLASE",
          "_id": "68f2711d8a10321077cbe813"
        },
        {
          "name": "Suheila Belle Morales",
          "id_number": "2022003940",
          "course": "Bachelor of Science in Information Technology",
          "year_level": "4th Year",
          "department": "CLASE",
          "_id": "68f2711d8a10321077cbe814"
        },
        {
          "name": "Louis Miguel Parreno",
          "id_number": "2022002517",
          "course": "Bachelor of Science in Information Technology",
          "year_level": "4th Year",
          "department": "CLASE",
          "_id": "68f2711d8a10321077cbe815"
        },
        {
          "name": "Patrick Miguel Andrade",
          "id_number": "2022000615",
          "course": "Bachelor of Science in Information Technology",
          "year_level": "4th Year",
          "department": "CLASE",
          "_id": "68f2711d8a10321077cbe816"
        }
      ],
      "status": "Ongoing",
      "extensionRequested": true,
      "extensionStatus": "Pending",
      "extensionType": "continuous",
      "createdAt": "2025-10-17T16:38:53.880Z",
      "updatedAt": "2025-10-17T17:23:30.629Z",
      "__v": 0,
      "actualStartTime": "2025-10-17T17:21:05.532Z",
      "extendedEndDatetime": "2025-10-21T04:30:00.000Z",
      "extensionHours": 0,
      "extensionMinutes": 0,
      "maxExtendedEndDatetime": "2025-10-21T04:30:00.000Z"
    },
    {
      "_id": "68f27c3117257f99e1b8053c",
      "userId": "686276c831a7906c7c643684",
      "room_Id": "6865360f5d5b53a6503936fd",
      "roomName": "Faculty Room",
      "location": "5th Floor",
      "purpose": "playing genshin",
      "datetime": "2025-10-20T01:00:00.000Z",
      "endDatetime": "2025-10-20T04:00:00.000Z",
      "date": "2025-10-20",
      "numUsers": 5,
      "participants": [
        {
          "name": "Stephen P. Madero Jr.",
          "id_number": "2022000099",
          "course": "Bachelor of Science in Information Technology",
          "year_level": "4th Year",
          "department": "CLASE",
          "_id": "68f27c3117257f99e1b8053d"
        },
        {
          "name": "Patrick Miguel Andrade",
          "id_number": "2022000615",
          "course": "Bachelor of Science in Information Technology",
          "year_level": "4th Year",
          "department": "CLASE",
          "_id": "68f27c3117257f99e1b8053e"
        },
        {
          "name": "Louis Miguel Parreno",
          "id_number": "2022002517",
          "course": "Bachelor of Science in Information Technology",
          "year_level": "4th Year",
          "department": "CLASE",
          "_id": "68f27c3117257f99e1b8053f"
        },
        {
          "name": "Suheila Belle Morales",
          "id_number": "2022003940",
          "course": "Bachelor of Science in Information Technology",
          "year_level": "4th Year",
          "department": "CLASE",
          "_id": "68f27c3117257f99e1b80540"
        }
      ],
      "status": "Completed",
      "extensionRequested": true,
      "extensionStatus": "Approved",
      "extensionType": "continuous",
      "createdAt": "2025-10-17T17:26:09.666Z",
      "updatedAt": "2025-10-18T11:34:02.872Z",
      "__v": 0,
      "actualStartTime": "2025-10-17T17:51:40.967Z",
      "extendedEndDatetime": "2025-10-20T04:00:00.000Z",
      "extensionHours": 0,
      "extensionMinutes": 0,
      "maxExtendedEndDatetime": "2025-10-20T04:00:00.000Z",
      "actualEndTime": "2025-10-18T11:34:02.871Z"
    },
    {
      "_id": "68f37b39e84576efc5341f4e",
      "userId": "686276c831a7906c7c643684",
      "room_Id": "6865360f5d5b53a6503936f8",
      "roomName": "Collaboration Room",
      "location": "4th Floor",
      "purpose": "designing era",
      "datetime": "2025-10-22T08:00:00.000Z",
      "endDatetime": "2025-10-22T09:00:00.000Z",
      "date": "2025-10-22",
      "numUsers": 5,
      "participants": [
        {
          "name": "Stephen P. Madero Jr.",
          "id_number": "2022000099",
          "course": "Bachelor of Science in Information Technology",
          "year_level": "4th Year",
          "department": "CLASE",
          "_id": "68f37b39e84576efc5341f4f"
        },
        {
          "name": "Suheila Belle Morales",
          "id_number": "2022003940",
          "course": "Bachelor of Science in Information Technology",
          "year_level": "4th Year",
          "department": "CLASE",
          "_id": "68f37b39e84576efc5341f50"
        },
        {
          "name": "Louis Miguel Parreno",
          "id_number": "2022002517",
          "course": "Bachelor of Science in Information Technology",
          "year_level": "4th Year",
          "department": "CLASE",
          "_id": "68f37b39e84576efc5341f51"
        },
        {
          "name": "Patrick Miguel Andrade",
          "id_number": "2022000615",
          "course": "Bachelor of Science in Information Technology",
          "year_level": "4th Year",
          "department": "CLASE",
          "_id": "68f37b39e84576efc5341f52"
        }
      ],
      "status": "Pending",
      "extensionRequested": false,
      "extensionStatus": "Pending",
      "extensionType": "continuous",
      "createdAt": "2025-10-18T11:34:17.410Z",
      "updatedAt": "2025-10-18T11:34:17.410Z",
      "__v": 0
    },
    {
      "_id": "68f3b5957f140f1f4aad98ef",
      "userId": "686276c831a7906c7c643684",
      "room_Id": "6865360f5d5b53a6503936fc",
      "roomName": "Collaboration Room",
      "location": "5th Floor",
      "purpose": "final testing 3",
      "datetime": "2025-10-30T02:30:00.000Z",
      "endDatetime": "2025-10-30T03:30:00.000Z",
      "date": "2025-10-30",
      "numUsers": 5,
      "participants": [
        {
          "name": "Stephen P. Madero Jr.",
          "id_number": "2022000099",
          "course": "Bachelor of Science in Information Technology",
          "year_level": "4th Year",
          "department": "CLASE",
          "_id": "68f26c92d7c3aa77b7c7b8f0"
        },
        {
          "name": "Patrick Miguel Andrade",
          "id_number": "2022000615",
          "course": "Bachelor of Science in Information Technology",
          "year_level": "4th Year",
          "department": "CLASE",
          "_id": "68f26c92d7c3aa77b7c7b8f1"
        },
        {
          "name": "Louis Miguel Parreno",
          "id_number": "2022002517",
          "course": "Bachelor of Science in Information Technology",
          "year_level": "4th Year",
          "department": "CLASE",
          "_id": "68f26c92d7c3aa77b7c7b8f2"
        },
        {
          "name": "Suheila Belle Morales",
          "id_number": "2022003940",
          "course": "Bachelor of Science in Information Technology",
          "year_level": "4th Year",
          "department": "CLASE",
          "_id": "68f26c92d7c3aa77b7c7b8f3"
        }
      ],
      "status": "Completed",
      "extensionRequested": true,
      "extensionStatus": "Rejected",
      "extensionType": "continuous",
      "extensionMinutes": 0,
      "extensionHours": 0,
      "extendedEndDatetime": null,
      "extensionReason": "",
      "maxExtendedEndDatetime": null,
      "actualStartTime": "2025-10-17T16:22:54.952Z",
      "actualEndTime": "2025-10-17T16:29:30.852Z",
      "createdAt": "2025-10-17T16:19:30.938Z",
      "updatedAt": "2025-10-17T16:19:30.938Z",
      "__v": 0
    }
  ]
}