{
  "collection": "rooms",
  "count": 10,
  "timestamp": "2025-10-20T14:12:23.542Z",
  "data": [
    {
      "_id": "6865360f5d5b53a6503936fc",
      "room": "Collaboration Room",
      "floor": "5th Floor",
      "type": "General",
      "capacity": 6,
      "isActive": true,
      "__v": 0,
      "createdAt": "2025-07-02T13:37:19.369Z",
      "updatedAt": "2025-10-17T18:17:06.867Z",
      "features": {
        "wifi": true,
        "aircon": true,
        "projector": false,
        "monitor": true
      },
      "notes": "meow",
      "image": {
        "id": "collab_room",
        "name": "Collaboration Room",
        "url": "/src/assets/CollabRoom.jpg",
        "category": "Special"
      }
    },
    {
      "_id": "6865360f5d5b53a6503936f8",
      "room": "Collaboration Room",
      "floor": "4th Floor",
      "type": "General",
      "capacity": 6,
      "isActive": true,
      "__v": 0,
      "createdAt": "2025-07-02T13:37:19.369Z",
      "updatedAt": "2025-10-17T18:16:08.855Z",
      "features": {
        "wifi": true,
        "aircon": true,
        "projector": false,
        "monitor": true
      },
      "notes": "colab here",
      "image": {
        "id": "collab_room",
        "name": "Collaboration Room",
        "url": "/src/assets/CollabRoom.jpg",
        "category": "Special"
      }
    },
    {
      "_id": "6865360f5d5b53a6503936fd",
      "room": "Faculty Room",
      "floor": "5th Floor",
      "type": "General",
      "capacity": 6,
      "isActive": true,
      "__v": 0,
      "createdAt": "2025-07-02T13:37:19.369Z",
      "updatedAt": "2025-10-18T11:51:13.442Z",
      "features": {
        "wifi": true,
        "aircon": true,
        "projector": false,
        "monitor": true
      },
      "notes": "",
      "image": {
        "id": "faculty_room",
        "name": "Faculty Room",
        "url": "/src/assets/FacultyRoom.jpg",
        "category": "Special"
      }
    },
    {
      "_id": "6865360f5d5b53a6503936f9",
      "room": "Faculty Room",
      "floor": "4th Floor",
      "type": "General",
      "capacity": 6,
      "isActive": true,
      "__v": 0,
      "createdAt": "2025-07-02T13:37:19.369Z",
      "updatedAt": "2025-10-17T10:58:26.241Z",
      "features": {
        "wifi": false,
        "aircon": false,
        "projector": false,
        "monitor": false
      },
      "image": {
        "id": "faculty_room",
        "name": "Faculty Room",
        "url": "/src/assets/FacultyRoom.jpg",
        "category": "Special"
      },
      "notes": ""
    },
    {
      "_id": "68f236f82dd632accf8fcd8f",
      "room": "Graduate Research Hub 1",
      "floor": "Ground Floor",
      "type": "General",
      "capacity": 6,
      "isActive": true,
      "notes": "",
      "features": {
        "wifi": true,
        "aircon": true,
        "projector": false,
        "monitor": false
      },
      "image": {
        "id": "graduate_hub_1",
        "url": "/src/assets/1st_Floor/Graduate/Graduate_Research_Hub_1.jpg",
        "name": "Graduate Research Hub 1",
        "category": "Graduate"
      },
      "createdAt": "2025-10-17T12:30:48.963Z",
      "updatedAt": "2025-10-17T12:30:48.963Z",
      "__v": 0
    },
    {
      "_id": "68f2375b2dd632accf8fcd9b",
      "room": "Graduate Research Hub 2",
      "floor": "Ground Floor",
      "type": "General",
      "capacity": 6,
      "isActive": true,
      "notes": "",
      "features": {
        "wifi": true,
        "aircon": false,
        "projector": false,
        "monitor": false
      },
      "image": {
        "id": "graduate_hub_2",
        "url": "/src/assets/1st_Floor/Graduate/Graduate_Research_Hub_2.jpg",
        "name": "Graduate Research Hub 2",
        "category": "Graduate"
      },
      "createdAt": "2025-10-17T12:32:27.559Z",
      "updatedAt": "2025-10-17T12:32:27.559Z",
      "__v": 0
    },
    {
      "_id": "68f2377e2dd632accf8fcda1",
      "room": "Graduate Research Hub 3",
      "floor": "Ground Floor",
      "type": "General",
      "capacity": 6,
      "isActive": true,
      "notes": "",
      "features": {
        "wifi": true,
        "aircon": false,
        "projector": false,
        "monitor": false
      },
      "image": {
        "id": "graduate_hub_3",
        "url": "/src/assets/1st_Floor/Graduate/Graduate_Research_Hub_3.jpg",
        "name": "Graduate Research Hub 3",
        "category": "Graduate"
      },
      "createdAt": "2025-10-17T12:33:02.311Z",
      "updatedAt": "2025-10-17T12:33:02.311Z",
      "__v": 0
    },
    {
      "_id": "68f237b82dd632accf8fcdac",
      "room": "Discussion Room 1",
      "floor": "Ground Floor",
      "type": "General",
      "capacity": 6,
      "isActive": true,
      "notes": "",
      "features": {
        "wifi": true,
        "aircon": false,
        "projector": false,
        "monitor": false
      },
      "image": {
        "id": "discussion_room_1",
        "url": "/src/assets/1st_Floor/Discussion/Discussion_Room_1.jpg",
        "name": "Discussion Room 1",
        "category": "Discussion"
      },
      "createdAt": "2025-10-17T12:34:00.083Z",
      "updatedAt": "2025-10-17T18:17:17.293Z",
      "__v": 0
    },
    {
      "_id": "68f237e52dd632accf8fcdb7",
      "room": "Discussion Room 2",
      "floor": "Ground Floor",
      "type": "General",
      "capacity": 6,
      "isActive": true,
      "notes": "",
      "features": {
        "wifi": true,
        "aircon": false,
        "projector": false,
        "monitor": false
      },
      "image": {
        "id": "discussion_room_2",
        "url": "/src/assets/1st_Floor/Discussion/Discussion_Room_2.jpg",
        "name": "Discussion Room 2",
        "category": "Discussion"
      },
      "createdAt": "2025-10-17T12:34:45.604Z",
      "updatedAt": "2025-10-17T12:34:45.604Z",
      "__v": 0
    },
    {
      "_id": "68f237f52dd632accf8fcdbd",
      "room": "Discussion Room 3",
      "floor": "Ground Floor",
      "type": "General",
      "capacity": 6,
      "isActive": true,
      "notes": "",
      "features": {
        "wifi": true,
        "aircon": false,
        "projector": false,
        "monitor": false
      },
      "image": {
        "id": "discussion_room_3",
        "url": "/src/assets/1st_Floor/Discussion/Discussion_Room_3.jpg",
        "name": "Discussion Room 3",
        "category": "Discussion"
      },
      "createdAt": "2025-10-17T12:35:01.354Z",
      "updatedAt": "2025-10-17T12:35:01.354Z",
      "__v": 0
    }
  ]
}