{
  "collection": "systemsettings",
  "count": 1,
  "timestamp": "2025-10-20T14:12:24.144Z",
  "data": [
    {
      "_id": "68e2555d829e0946c25161e3",
      "maintenanceMode": false,
      "maintenanceMessage": "MAINTENANCE TIME NO ONE SHALL PASS",
      "allowAdminAccess": true,
      "autoBackup": true,
      "backupFrequency": "monthly",
      "announcementEnabled": true,
      "announcementText": "",
      "announcementExpires": null,
      "createdAt": "2025-10-05T11:24:13.321Z",
      "updatedAt": "2025-10-20T14:03:33.148Z",
      "__v": 0
    }
  ]
}