{
  "timestamp": "2025-10-10T09:31:37.546Z",
  "database": "USA-FLD",
  "collections": [
    {
      "name": "admins",
      "count": 1,
      "status": "backed_up"
    },
    {
      "name": "reports",
      "count": 40,
      "status": "backed_up"
    },
    {
      "name": "rooms",
      "count": 16,
      "status": "backed_up"
    },
    {
      "name": "backups",
      "count": 5,
      "status": "backed_up"
    },
    {
      "name": "announcements",
      "count": 2,
      "status": "backed_up"
    },
    {
      "name": "news",
      "count": 9,
      "status": "backed_up"
    },
    {
      "name": "users",
      "count": 11,
      "status": "backed_up"
    },
    {
      "name": "archivedreservations",
      "count": 15,
      "status": "backed_up"
    },
    {
      "name": "archivedusers",
      "count": 1,
      "status": "backed_up"
    },
    {
      "name": "counters",
      "count": 0,
      "status": "backed_up"
    },
    {
      "name": "reservations",
      "count": 4,
      "status": "backed_up"
    },
    {
      "name": "systemsettings",
      "count": 1,
      "status": "backed_up"
    },
    {
      "name": "notifications",
      "count": 203,
      "status": "backed_up"
    },
    {
      "name": "archivedreports",
      "count": 16,
      "status": "backed_up"
    },
    {
      "name": "logs",
      "count": 377,
      "status": "backed_up"
    },
    {
      "name": "messages",
      "count": 118,
      "status": "backed_up"
    }
  ]
}